{"type":"FeatureCollection","features":[{"type":"Feature","id":"port-1730087247","properties":{"id":"port-1730087247","name":"Sint Nicolaas","scalerank":8,"isMajor":false,"provinceId":"ABW-5150","provinceName":"Aruba","countryIso3":"ABW","countryName":"Aruba","source":"Natural Earth 1:10m ports"},"geometry":{"type":"Point","coordinates":[-69.92355713,12.4375]}},{"type":"Feature","id":"port-1730087249","properties":{"id":"port-1730087249","name":"Campana","scalerank":8,"isMajor":false,"provinceId":"ARG-1295","provinceName":"Buenos Aires","countryIso3":"ARG","countryName":"Argentina","source":"Natural Earth 1:10m ports"},"geometry":{"type":"Point","coordinates":[-58.95141343,-34.15333333]}},{"type":"Feature","id":"port-1730087251","properties":{"id":"port-1730087251","name":"Zarate","scalerank":8,"isMajor":false,"provinceId":"ARG-1295","provinceName":"Buenos Aires","countryIso3":"ARG","countryName":"Argentina","source":"Natural Earth 1:10m ports"},"geometry":{"type":"Point","coordinates":[-59.004947,-34.09888889]}},{"type":"Feature","id":"port-1730087255","properties":{"id":"port-1730087255","name":"Puerto Belgrano/Bahia Blanca","scalerank":8,"isMajor":false,"provinceId":"ARG-1295","provinceName":"Buenos Aires","countryIso3":"ARG","countryName":"Argentina","source":"Natural Earth 1:10m ports"},"geometry":{"type":"Point","coordinates":[-62.10088339,-38.89444444]}},{"type":"Feature","id":"port-1730087257","properties":{"id":"port-1730087257","name":"Puerto Galvan/Bahia Blanca","scalerank":8,"isMajor":false,"provinceId":"ARG-1295","provinceName":"Buenos Aires","countryIso3":"ARG","countryName":"Argentina","source":"Natural Earth 1:10m ports"},"geometry":{"type":"Point","coordinates":[-62.30053004,-38.78305556]}},{"type":"Feature","id":"port-1730087259","properties":{"id":"port-1730087259","name":"Ingeniero White/Bahia Blanca","scalerank":8,"isMajor":false,"provinceId":"ARG-1295","provinceName":"Buenos Aires","countryIso3":"ARG","countryName":"Argentina","source":"Natural Earth 1:10m ports"},"geometry":{"type":"Point","coordinates":[-62.25989399,-38.79194444]}},{"type":"Feature","id":"port-1730087261","properties":{"id":"port-1730087261","name":"Saint John's","scalerank":8,"isMajor":false,"provinceId":"ATG-5098","provinceName":"Saint John","countryIso3":"ATG","countryName":"Antigua and Barbuda","source":"Natural Earth 1:10m ports"},"geometry":{"type":"Point","coordinates":[-61.85229682,17.12277778]}},{"type":"Feature","id":"port-1730087263","properties":{"id":"port-1730087263","name":"Fremantle","scalerank":8,"isMajor":false,"provinceId":"AUS-2651","provinceName":"Western Australia","countryIso3":"AUS","countryName":"Australia","source":"Natural Earth 1:10m ports"},"geometry":{"type":"Point","coordinates":[115.7381037,-32.0475]}},{"type":"Feature","id":"port-1730087265","properties":{"id":"port-1730087265","name":"Botany Bay","scalerank":8,"isMajor":false,"provinceId":"AUS-2654","provinceName":"New South Wales","countryIso3":"AUS","countryName":"Australia","source":"Natural Earth 1:10m ports"},"geometry":{"type":"Point","coordinates":[151.2095406,-33.97305556]}},{"type":"Feature","id":"port-1730087267","properties":{"id":"port-1730087267","name":"Rockhampton","scalerank":8,"isMajor":false,"provinceId":"AUS-2657","provinceName":"Queensland","countryIso3":"AUS","countryName":"Australia","source":"Natural Earth 1:10m ports"},"geometry":{"type":"Point","coordinates":[151.2842167,-23.85111111]}},{"type":"Feature","id":"port-1730087269","properties":{"id":"port-1730087269","name":"Oostende (Ostend)","scalerank":8,"isMajor":false,"provinceId":"BEL-3479","provinceName":"West Flanders","countryIso3":"BEL","countryName":"Belgium","source":"Natural Earth 1:10m ports"},"geometry":{"type":"Point","coordinates":[2.93368669,51.23]}},{"type":"Feature","id":"port-1730087273","properties":{"id":"port-1730087273","name":"Zeebrugge","scalerank":8,"isMajor":false,"provinceId":"BEL-3479","provinceName":"West Flanders","countryIso3":"BEL","countryName":"Belgium","source":"Natural Earth 1:10m ports"},"geometry":{"type":"Point","coordinates":[3.20459364,51.33638889]}},{"type":"Feature","id":"port-1730087275","properties":{"id":"port-1730087275","name":"Burgas","scalerank":8,"isMajor":false,"provinceId":"BGR-2254","provinceName":"Burgas","countryIso3":"BGR","countryName":"Bulgaria","source":"Natural Earth 1:10m ports"},"geometry":{"type":"Point","coordinates":[27.45830389,42.47]}},{"type":"Feature","id":"port-1730087277","properties":{"id":"port-1730087277","name":"Mina Sulman Port","scalerank":8,"isMajor":false,"provinceId":"BHR-4929","provinceName":"Al Manāmah","countryIso3":"BHR","countryName":"Bahrain","source":"Natural Earth 1:10m ports"},"geometry":{"type":"Point","coordinates":[50.60759717,26.19861111]}},{"type":"Feature","id":"port-1730087279","properties":{"id":"port-1730087279","name":"Sitrah","scalerank":8,"isMajor":false,"provinceId":"BHR-4928","provinceName":"Al Wusţá","countryIso3":"BHR","countryName":"Bahrain","source":"Natural Earth 1:10m ports"},"geometry":{"type":"Point","coordinates":[50.65883392,26.15861111]}},{"type":"Feature","id":"port-1730087281","properties":{"id":"port-1730087281","name":"Saint George","scalerank":8,"isMajor":false,"provinceId":"BMU-5135","provinceName":"City of Saint George","countryIso3":"BMU","countryName":"Bermuda","source":"Natural Earth 1:10m ports"},"geometry":{"type":"Point","coordinates":[-64.67302709,32.37944444]}},{"type":"Feature","id":"port-1730087283","properties":{"id":"port-1730087283","name":"Mucuripe","scalerank":8,"isMajor":false,"provinceId":"BRA-621","provinceName":"Ceará","countryIso3":"BRA","countryName":"Brazil","source":"Natural Earth 1:10m ports"},"geometry":{"type":"Point","coordinates":[-38.47320377,-3.7075]}},{"type":"Feature","id":"port-1730087285","properties":{"id":"port-1730087285","name":"Niteroi","scalerank":8,"isMajor":false,"provinceId":"BRA-627","provinceName":"Rio de Janeiro","countryIso3":"BRA","countryName":"Brazil","source":"Natural Earth 1:10m ports"},"geometry":{"type":"Point","coordinates":[-43.1246172,-22.87916667]}},{"type":"Feature","id":"port-1730087287","properties":{"id":"port-1730087287","name":"Sao Francisco do Sul","scalerank":8,"isMajor":false,"provinceId":"BRA-614","provinceName":"Santa Catarina","countryIso3":"BRA","countryName":"Brazil","source":"Natural Earth 1:10m ports"},"geometry":{"type":"Point","coordinates":[-48.63545347,-26.23805556]}},{"type":"Feature","id":"port-1730087291","properties":{"id":"port-1730087291","name":"Chatham","scalerank":8,"isMajor":false,"provinceId":"CAN-684","provinceName":"New Brunswick","countryIso3":"CAN","countryName":"Canada","source":"Natural Earth 1:10m ports"},"geometry":{"type":"Point","coordinates":[-65.46772674,47.03444444]}},{"type":"Feature","id":"port-1730087293","properties":{"id":"port-1730087293","name":"Clarenville","scalerank":8,"isMajor":false,"provinceId":"CAN-686","provinceName":"Newfoundland and Labrador","countryIso3":"CAN","countryName":"Canada","source":"Natural Earth 1:10m ports"},"geometry":{"type":"Point","coordinates":[-53.95689046,48.16333333]}},{"type":"Feature","id":"port-1730087295","properties":{"id":"port-1730087295","name":"Comox","scalerank":8,"isMajor":false,"provinceId":"CAN-633","provinceName":"British Columbia","countryIso3":"CAN","countryName":"Canada","source":"Natural Earth 1:10m ports"},"geometry":{"type":"Point","coordinates":[-124.9244405,49.67083333]}},{"type":"Feature","id":"port-1730087297","properties":{"id":"port-1730087297","name":"Esquimalt","scalerank":8,"isMajor":false,"provinceId":"CAN-633","provinceName":"British Columbia","countryIso3":"CAN","countryName":"Canada","source":"Natural Earth 1:10m ports"},"geometry":{"type":"Point","coordinates":[-123.4343934,48.43638889]}},{"type":"Feature","id":"port-1730087299","properties":{"id":"port-1730087299","name":"Grand Bank","scalerank":8,"isMajor":false,"provinceId":"CAN-686","provinceName":"Newfoundland and Labrador","countryIso3":"CAN","countryName":"Canada","source":"Natural Earth 1:10m ports"},"geometry":{"type":"Point","coordinates":[-55.75106007,47.10027778]}},{"type":"Feature","id":"port-1730087301","properties":{"id":"port-1730087301","name":"North Sydney","scalerank":8,"isMajor":false,"provinceId":"CAN-685","provinceName":"Nova Scotia","countryIso3":"CAN","countryName":"Canada","source":"Natural Earth 1:10m ports"},"geometry":{"type":"Point","coordinates":[-60.2393404,46.20888889]}},{"type":"Feature","id":"port-1730087303","properties":{"id":"port-1730087303","name":"Caraquet","scalerank":8,"isMajor":false,"provinceId":"CAN-684","provinceName":"New Brunswick","countryIso3":"CAN","countryName":"Canada","source":"Natural Earth 1:10m ports"},"geometry":{"type":"Point","coordinates":[-64.9246172,47.79638889]}},{"type":"Feature","id":"port-1730087305","properties":{"id":"port-1730087305","name":"Chicoutimi","scalerank":8,"isMajor":false,"provinceId":"CAN-683","provinceName":"Québec","countryIso3":"CAN","countryName":"Canada","source":"Natural Earth 1:10m ports"},"geometry":{"type":"Point","coordinates":[-71.05265018,48.43]}},{"type":"Feature","id":"port-1730087309","properties":{"id":"port-1730087309","name":"Corner Brook","scalerank":8,"isMajor":false,"provinceId":"CAN-686","provinceName":"Newfoundland and Labrador","countryIso3":"CAN","countryName":"Canada","source":"Natural Earth 1:10m ports"},"geometry":{"type":"Point","coordinates":[-57.93633687,48.96055556]}},{"type":"Feature","id":"port-1730087311","properties":{"id":"port-1730087311","name":"Digby","scalerank":8,"isMajor":false,"provinceId":"CAN-685","provinceName":"Nova Scotia","countryIso3":"CAN","countryName":"Canada","source":"Natural Earth 1:10m ports"},"geometry":{"type":"Point","coordinates":[-65.75229682,44.62527778]}},{"type":"Feature","id":"port-1730087313","properties":{"id":"port-1730087313","name":"Harbour Grace","scalerank":8,"isMajor":false,"provinceId":"CAN-686","provinceName":"Newfoundland and Labrador","countryIso3":"CAN","countryName":"Canada","source":"Natural Earth 1:10m ports"},"geometry":{"type":"Point","coordinates":[-53.21702002,47.69027778]}},{"type":"Feature","id":"port-1730087315","properties":{"id":"port-1730087315","name":"Pictou","scalerank":8,"isMajor":false,"provinceId":"CAN-685","provinceName":"Nova Scotia","countryIso3":"CAN","countryName":"Canada","source":"Natural Earth 1:10m ports"},"geometry":{"type":"Point","coordinates":[-62.70441696,45.67472222]}},{"type":"Feature","id":"port-1730087317","properties":{"id":"port-1730087317","name":"Shelburne","scalerank":8,"isMajor":false,"provinceId":"CAN-685","provinceName":"Nova Scotia","countryIso3":"CAN","countryName":"Canada","source":"Natural Earth 1:10m ports"},"geometry":{"type":"Point","coordinates":[-65.31772674,43.74972222]}},{"type":"Feature","id":"port-1730087319","properties":{"id":"port-1730087319","name":"Sorel","scalerank":8,"isMajor":false,"provinceId":"CAN-683","provinceName":"Québec","countryIso3":"CAN","countryName":"Canada","source":"Natural Earth 1:10m ports"},"geometry":{"type":"Point","coordinates":[-73.11808009,46.04111111]}},{"type":"Feature","id":"port-1730087321","properties":{"id":"port-1730087321","name":"Springdale","scalerank":8,"isMajor":false,"provinceId":"CAN-686","provinceName":"Newfoundland and Labrador","countryIso3":"CAN","countryName":"Canada","source":"Natural Earth 1:10m ports"},"geometry":{"type":"Point","coordinates":[-56.05989399,49.49972222]}},{"type":"Feature","id":"port-1730087323","properties":{"id":"port-1730087323","name":"Saint-John's","scalerank":8,"isMajor":false,"provinceId":"CAN-686","provinceName":"Newfoundland and Labrador","countryIso3":"CAN","countryName":"Canada","source":"Natural Earth 1:10m ports"},"geometry":{"type":"Point","coordinates":[-52.69234393,47.5625]}},{"type":"Feature","id":"port-1730087327","properties":{"id":"port-1730087327","name":"Coronel","scalerank":8,"isMajor":false,"provinceId":"CHL-2702","provinceName":"Bío-Bío","countryIso3":"CHL","countryName":"Chile","source":"Natural Earth 1:10m ports"},"geometry":{"type":"Point","coordinates":[-73.15335689,-37.02833333]}},{"type":"Feature","id":"port-1730087329","properties":{"id":"port-1730087329","name":"Lota","scalerank":8,"isMajor":false,"provinceId":"CHL-2702","provinceName":"Bío-Bío","countryIso3":"CHL","countryName":"Chile","source":"Natural Earth 1:10m ports"},"geometry":{"type":"Point","coordinates":[-73.15848057,-37.09805556]}},{"type":"Feature","id":"port-1730087331","properties":{"id":"port-1730087331","name":"Talcahuano","scalerank":8,"isMajor":false,"provinceId":"CHL-2702","provinceName":"Bío-Bío","countryIso3":"CHL","countryName":"Chile","source":"Natural Earth 1:10m ports"},"geometry":{"type":"Point","coordinates":[-73.10229682,-36.70527778]}},{"type":"Feature","id":"port-1730087333","properties":{"id":"port-1730087333","name":"San Antonio","scalerank":8,"isMajor":false,"provinceId":"CHL-2699","provinceName":"Valparaíso","countryIso3":"CHL","countryName":"Chile","source":"Natural Earth 1:10m ports"},"geometry":{"type":"Point","coordinates":[-71.61808009,-33.5875]}},{"type":"Feature","id":"port-1730087335","properties":{"id":"port-1730087335","name":"Haimen","scalerank":8,"isMajor":false,"provinceId":"CHN-1820","provinceName":"Zhejiang","countryIso3":"CHN","countryName":"China","source":"Natural Earth 1:10m ports"},"geometry":{"type":"Point","coordinates":[121.4418139,28.69027778]}},{"type":"Feature","id":"port-1730087337","properties":{"id":"port-1730087337","name":"Qinhuangdao","scalerank":8,"isMajor":false,"provinceId":"CHN-1811","provinceName":"Hebei","countryIso3":"CHN","countryName":"China","source":"Natural Earth 1:10m ports"},"geometry":{"type":"Point","coordinates":[119.5859835,39.90666667]}},{"type":"Feature","id":"port-1730087339","properties":{"id":"port-1730087339","name":"Yantian","scalerank":8,"isMajor":false,"provinceId":"CHN-1180","provinceName":"Guangdong","countryIso3":"CHN","countryName":"China","source":"Natural Earth 1:10m ports"},"geometry":{"type":"Point","coordinates":[114.26702,22.57416667]}},{"type":"Feature","id":"port-1730087341","properties":{"id":"port-1730087341","name":"Yingkou","scalerank":8,"isMajor":false,"provinceId":"CHN-1813","provinceName":"Liaoning","countryIso3":"CHN","countryName":"China","source":"Natural Earth 1:10m ports"},"geometry":{"type":"Point","coordinates":[122.2351001,40.69583333]}},{"type":"Feature","id":"port-1730087345","properties":{"id":"port-1730087345","name":"Moin","scalerank":8,"isMajor":false,"provinceId":"CRI-1329","provinceName":"Limón","countryIso3":"CRI","countryName":"Costa Rica","source":"Natural Earth 1:10m ports"},"geometry":{"type":"Point","coordinates":[-83.07408716,10.00555556]}},{"type":"Feature","id":"port-1730087347","properties":{"id":"port-1730087347","name":"Banes","scalerank":8,"isMajor":false,"provinceId":"CUB-1367","provinceName":"Holguín","countryIso3":"CUB","countryName":"Cuba","source":"Natural Earth 1:10m ports"},"geometry":{"type":"Point","coordinates":[-75.70335689,20.91916667]}},{"type":"Feature","id":"port-1730087349","properties":{"id":"port-1730087349","name":"Caibarien","scalerank":8,"isMajor":false,"provinceId":"CUB-1431","provinceName":"Villa Clara","countryIso3":"CUB","countryName":"Cuba","source":"Natural Earth 1:10m ports"},"geometry":{"type":"Point","coordinates":[-79.46931684,22.52916667]}},{"type":"Feature","id":"port-1730087351","properties":{"id":"port-1730087351","name":"Isabela de Sagua","scalerank":8,"isMajor":false,"provinceId":"CUB-1431","provinceName":"Villa Clara","countryIso3":"CUB","countryName":"Cuba","source":"Natural Earth 1:10m ports"},"geometry":{"type":"Point","coordinates":[-80.00759717,22.94027778]}},{"type":"Feature","id":"port-1730087353","properties":{"id":"port-1730087353","name":"Nuevitas","scalerank":8,"isMajor":false,"provinceId":"CUB-1364","provinceName":"Camagüey","countryIso3":"CUB","countryName":"Cuba","source":"Natural Earth 1:10m ports"},"geometry":{"type":"Point","coordinates":[-77.23951708,21.56305556]}},{"type":"Feature","id":"port-1730087355","properties":{"id":"port-1730087355","name":"Famagusta","scalerank":8,"isMajor":false,"provinceId":"CYN+00?","provinceName":"Northern Cyprus","countryIso3":"CYN","countryName":"Northern Cyprus","source":"Natural Earth 1:10m ports"},"geometry":{"type":"Point","coordinates":[33.94004711,35.12777778]}},{"type":"Feature","id":"port-1730087357","properties":{"id":"port-1730087357","name":"Cuxhaven","scalerank":8,"isMajor":false,"provinceId":"DEU-1576","provinceName":"Niedersachsen","countryIso3":"DEU","countryName":"Germany","source":"Natural Earth 1:10m ports"},"geometry":{"type":"Point","coordinates":[8.707243816,53.86472222]}},{"type":"Feature","id":"port-1730087359","properties":{"id":"port-1730087359","name":"Eckernforde","scalerank":8,"isMajor":false,"provinceId":"DEU-1579","provinceName":"Schleswig-Holstein","countryIso3":"DEU","countryName":"Germany","source":"Natural Earth 1:10m ports"},"geometry":{"type":"Point","coordinates":[9.835806832,54.47361111]}},{"type":"Feature","id":"port-1730087363","properties":{"id":"port-1730087363","name":"Nordenham","scalerank":8,"isMajor":false,"provinceId":"DEU-1576","provinceName":"Niedersachsen","countryIso3":"DEU","countryName":"Germany","source":"Natural Earth 1:10m ports"},"geometry":{"type":"Point","coordinates":[8.489517079,53.4875]}},{"type":"Feature","id":"port-1730087365","properties":{"id":"port-1730087365","name":"Papenburg","scalerank":8,"isMajor":false,"provinceId":"DEU-1576","provinceName":"Niedersachsen","countryIso3":"DEU","countryName":"Germany","source":"Natural Earth 1:10m ports"},"geometry":{"type":"Point","coordinates":[7.368963486,53.09638889]}},{"type":"Feature","id":"port-1730087367","properties":{"id":"port-1730087367","name":"Wismar","scalerank":8,"isMajor":false,"provinceId":"DEU-3488","provinceName":"Mecklenburg-Vorpommern","countryIso3":"DEU","countryName":"Germany","source":"Natural Earth 1:10m ports"},"geometry":{"type":"Point","coordinates":[11.43916372,53.90638889]}},{"type":"Feature","id":"port-1730087369","properties":{"id":"port-1730087369","name":"Nyborg","scalerank":8,"isMajor":false,"provinceId":"DNK-3417","provinceName":"Syddanmark","countryIso3":"DNK","countryName":"Denmark","source":"Natural Earth 1:10m ports"},"geometry":{"type":"Point","coordinates":[10.80689046,55.29888889]}},{"type":"Feature","id":"port-1730087371","properties":{"id":"port-1730087371","name":"Helsingor","scalerank":8,"isMajor":false,"provinceId":"DNK-3419","provinceName":"Hovedstaden","countryIso3":"DNK","countryName":"Denmark","source":"Natural Earth 1:10m ports"},"geometry":{"type":"Point","coordinates":[12.61702002,56.03444444]}},{"type":"Feature","id":"port-1730087373","properties":{"id":"port-1730087373","name":"Odense","scalerank":8,"isMajor":false,"provinceId":"DNK-3417","provinceName":"Syddanmark","countryIso3":"DNK","countryName":"Denmark","source":"Natural Earth 1:10m ports"},"geometry":{"type":"Point","coordinates":[10.52497055,55.46638889]}},{"type":"Feature","id":"port-1730087375","properties":{"id":"port-1730087375","name":"Nyborg","scalerank":8,"isMajor":false,"provinceId":"DNK-3417","provinceName":"Syddanmark","countryIso3":"DNK","countryName":"Denmark","source":"Natural Earth 1:10m ports"},"geometry":{"type":"Point","coordinates":[10.78810365,55.30694444]}},{"type":"Feature","id":"port-1730087377","properties":{"id":"port-1730087377","name":"Frederikshavn","scalerank":8,"isMajor":false,"provinceId":"DNK-3418","provinceName":"Nordjylland","countryIso3":"DNK","countryName":"Denmark","source":"Natural Earth 1:10m ports"},"geometry":{"type":"Point","coordinates":[10.54146054,57.43777778]}},{"type":"Feature","id":"port-1730087381","properties":{"id":"port-1730087381","name":"Haderslev","scalerank":8,"isMajor":false,"provinceId":"DNK-3417","provinceName":"Syddanmark","countryIso3":"DNK","countryName":"Denmark","source":"Natural Earth 1:10m ports"},"geometry":{"type":"Point","coordinates":[9.504416961,55.25111111]}},{"type":"Feature","id":"port-1730087383","properties":{"id":"port-1730087383","name":"Horsens","scalerank":8,"isMajor":false,"provinceId":"DNK-3416","provinceName":"Midtjylland","countryIso3":"DNK","countryName":"Denmark","source":"Natural Earth 1:10m ports"},"geometry":{"type":"Point","coordinates":[9.868433451,55.85416667]}},{"type":"Feature","id":"port-1730087385","properties":{"id":"port-1730087385","name":"Kalundborg","scalerank":8,"isMajor":false,"provinceId":"DNK-3420","provinceName":"Sjaælland","countryIso3":"DNK","countryName":"Denmark","source":"Natural Earth 1:10m ports"},"geometry":{"type":"Point","coordinates":[11.08598351,55.66944444]}},{"type":"Feature","id":"port-1730087387","properties":{"id":"port-1730087387","name":"Kolding","scalerank":8,"isMajor":false,"provinceId":"DNK-3417","provinceName":"Syddanmark","countryIso3":"DNK","countryName":"Denmark","source":"Natural Earth 1:10m ports"},"geometry":{"type":"Point","coordinates":[9.493404005,55.49277778]}},{"type":"Feature","id":"port-1730087389","properties":{"id":"port-1730087389","name":"Nakskov","scalerank":8,"isMajor":false,"provinceId":"DNK-3420","provinceName":"Sjaælland","countryIso3":"DNK","countryName":"Denmark","source":"Natural Earth 1:10m ports"},"geometry":{"type":"Point","coordinates":[11.12108363,54.83222222]}},{"type":"Feature","id":"port-1730087391","properties":{"id":"port-1730087391","name":"Nykobing Falster","scalerank":8,"isMajor":false,"provinceId":"DNK-3420","provinceName":"Sjaælland","countryIso3":"DNK","countryName":"Denmark","source":"Natural Earth 1:10m ports"},"geometry":{"type":"Point","coordinates":[11.85706714,54.77083333]}},{"type":"Feature","id":"port-1730087393","properties":{"id":"port-1730087393","name":"Randers","scalerank":8,"isMajor":false,"provinceId":"DNK-3416","provinceName":"Midtjylland","countryIso3":"DNK","countryName":"Denmark","source":"Natural Earth 1:10m ports"},"geometry":{"type":"Point","coordinates":[10.05265018,56.46027778]}},{"type":"Feature","id":"port-1730087395","properties":{"id":"port-1730087395","name":"Rudkobing","scalerank":8,"isMajor":false,"provinceId":"DNK-3417","provinceName":"Syddanmark","countryIso3":"DNK","countryName":"Denmark","source":"Natural Earth 1:10m ports"},"geometry":{"type":"Point","coordinates":[10.704947,54.93972222]}},{"type":"Feature","id":"port-1730087399","properties":{"id":"port-1730087399","name":"Svendborg","scalerank":8,"isMajor":false,"provinceId":"DNK-3417","provinceName":"Syddanmark","countryIso3":"DNK","countryName":"Denmark","source":"Natural Earth 1:10m ports"},"geometry":{"type":"Point","coordinates":[10.61702002,55.05861111]}},{"type":"Feature","id":"port-1730087401","properties":{"id":"port-1730087401","name":"Vejle","scalerank":8,"isMajor":false,"provinceId":"DNK-3417","provinceName":"Syddanmark","countryIso3":"DNK","countryName":"Denmark","source":"Natural Earth 1:10m ports"},"geometry":{"type":"Point","coordinates":[9.551943463,55.70555556]}},{"type":"Feature","id":"port-1730087403","properties":{"id":"port-1730087403","name":"Skagen","scalerank":8,"isMajor":false,"provinceId":"DNK-3418","provinceName":"Nordjylland","countryIso3":"DNK","countryName":"Denmark","source":"Natural Earth 1:10m ports"},"geometry":{"type":"Point","coordinates":[10.58881037,57.71861111]}},{"type":"Feature","id":"port-1730087405","properties":{"id":"port-1730087405","name":"Puerto Plata","scalerank":8,"isMajor":false,"provinceId":"DOM-1965","provinceName":"Puerto Plata","countryIso3":"DOM","countryName":"Dominican Republic","source":"Natural Earth 1:10m ports"},"geometry":{"type":"Point","coordinates":[-70.70053004,19.80361111]}},{"type":"Feature","id":"port-1730087407","properties":{"id":"port-1730087407","name":"Rio Haina","scalerank":8,"isMajor":false,"provinceId":"DOM-1984","provinceName":"San Cristóbal","countryIso3":"DOM","countryName":"Dominican Republic","source":"Natural Earth 1:10m ports"},"geometry":{"type":"Point","coordinates":[-70.01808009,18.42027778]}},{"type":"Feature","id":"port-1730087409","properties":{"id":"port-1730087409","name":"Mostaganem","scalerank":8,"isMajor":false,"provinceId":"DZA-2202","provinceName":"Mostaganem","countryIso3":"DZA","countryName":"Algeria","source":"Natural Earth 1:10m ports"},"geometry":{"type":"Point","coordinates":[0.071260306,35.93444444]}},{"type":"Feature","id":"port-1730087411","properties":{"id":"port-1730087411","name":"Damietta","scalerank":8,"isMajor":false,"provinceId":"EGY-1539","provinceName":"Dumyat","countryIso3":"EGY","countryName":"Egypt","source":"Natural Earth 1:10m ports"},"geometry":{"type":"Point","coordinates":[31.75918728,31.46666667]}},{"type":"Feature","id":"port-1730087413","properties":{"id":"port-1730087413","name":"Safaga","scalerank":8,"isMajor":false,"provinceId":"EGY-1556","provinceName":"Al Bahr al Ahmar","countryIso3":"EGY","countryName":"Egypt","source":"Natural Earth 1:10m ports"},"geometry":{"type":"Point","coordinates":[33.94128386,26.74222222]}},{"type":"Feature","id":"port-1730087417","properties":{"id":"port-1730087417","name":"Algeciras","scalerank":8,"isMajor":false,"provinceId":"ESP-5812","provinceName":"Cádiz","countryIso3":"ESP","countryName":"Spain","source":"Natural Earth 1:10m ports"},"geometry":{"type":"Point","coordinates":[-5.400353357,36.14777778]}},{"type":"Feature","id":"port-1730087419","properties":{"id":"port-1730087419","name":"Aviles","scalerank":8,"isMajor":false,"provinceId":"ESP-5805","provinceName":"Asturias","countryIso3":"ESP","countryName":"Spain","source":"Natural Earth 1:10m ports"},"geometry":{"type":"Point","coordinates":[-5.920023557,43.57861111]}},{"type":"Feature","id":"port-1730087421","properties":{"id":"port-1730087421","name":"Ferrol","scalerank":8,"isMajor":false,"provinceId":"ESP-5827","provinceName":"La Coruña","countryIso3":"ESP","countryName":"Spain","source":"Natural Earth 1:10m ports"},"geometry":{"type":"Point","coordinates":[-8.250883392,43.47972222]}},{"type":"Feature","id":"port-1730087423","properties":{"id":"port-1730087423","name":"Huelva","scalerank":8,"isMajor":false,"provinceId":"ESP-5824","provinceName":"Huelva","countryIso3":"ESP","countryName":"Spain","source":"Natural Earth 1:10m ports"},"geometry":{"type":"Point","coordinates":[-6.935806832,37.19277778]}},{"type":"Feature","id":"port-1730087425","properties":{"id":"port-1730087425","name":"Pasajes","scalerank":8,"isMajor":false,"provinceId":"ESP-5823","provinceName":"Gipuzkoa","countryIso3":"ESP","countryName":"Spain","source":"Natural Earth 1:10m ports"},"geometry":{"type":"Point","coordinates":[-1.918786808,43.32333333]}},{"type":"Feature","id":"port-1730087427","properties":{"id":"port-1730087427","name":"Rota","scalerank":8,"isMajor":false,"provinceId":"ESP-5812","provinceName":"Cádiz","countryIso3":"ESP","countryName":"Spain","source":"Natural Earth 1:10m ports"},"geometry":{"type":"Point","coordinates":[-6.334570082,36.61944444]}},{"type":"Feature","id":"port-1730087429","properties":{"id":"port-1730087429","name":"Cadiz","scalerank":8,"isMajor":false,"provinceId":"ESP-5812","provinceName":"Cádiz","countryIso3":"ESP","countryName":"Spain","source":"Natural Earth 1:10m ports"},"geometry":{"type":"Point","coordinates":[-6.258833922,36.52]}},{"type":"Feature","id":"port-1730087431","properties":{"id":"port-1730087431","name":"Kotka","scalerank":8,"isMajor":false,"provinceId":"FIN-3187","provinceName":"Kymenlaakso","countryIso3":"FIN","countryName":"Finland","source":"Natural Earth 1:10m ports"},"geometry":{"type":"Point","coordinates":[26.9418139,60.46111111]}},{"type":"Feature","id":"port-1730087435","properties":{"id":"port-1730087435","name":"Veitsiluoto","scalerank":8,"isMajor":false,"provinceId":"FIN-3176","provinceName":"Lapland","countryIso3":"FIN","countryName":"Finland","source":"Natural Earth 1:10m ports"},"geometry":{"type":"Point","coordinates":[24.61666667,65.68305556]}},{"type":"Feature","id":"port-1730087437","properties":{"id":"port-1730087437","name":"Arcachon","scalerank":8,"isMajor":false,"provinceId":"FRA-5295","provinceName":"Gironde","countryIso3":"FRA","countryName":"France","source":"Natural Earth 1:10m ports"},"geometry":{"type":"Point","coordinates":[-1.142343934,44.65916667]}},{"type":"Feature","id":"port-1730087439","properties":{"id":"port-1730087439","name":"Deauville","scalerank":8,"isMajor":false,"provinceId":"FRA-5275","provinceName":"Calvados","countryIso3":"FRA","countryName":"France","source":"Natural Earth 1:10m ports"},"geometry":{"type":"Point","coordinates":[0.073380448,49.36583333]}},{"type":"Feature","id":"port-1730087441","properties":{"id":"port-1730087441","name":"Fecamp","scalerank":8,"isMajor":false,"provinceId":"FRA-5343","provinceName":"Seine-Maritime","countryIso3":"FRA","countryName":"France","source":"Natural Earth 1:10m ports"},"geometry":{"type":"Point","coordinates":[0.369493522,49.76194444]}},{"type":"Feature","id":"port-1730087443","properties":{"id":"port-1730087443","name":"La Pallice","scalerank":8,"isMajor":false,"provinceId":"FRA-5278","provinceName":"Charente-Maritime","countryIso3":"FRA","countryName":"France","source":"Natural Earth 1:10m ports"},"geometry":{"type":"Point","coordinates":[-1.223910483,46.15722222]}},{"type":"Feature","id":"port-1730087445","properties":{"id":"port-1730087445","name":"Saint-Malo","scalerank":8,"isMajor":false,"provinceId":"FRA-5308","provinceName":"Ille-et-Vilaine","countryIso3":"FRA","countryName":"France","source":"Natural Earth 1:10m ports"},"geometry":{"type":"Point","coordinates":[-2.022850412,48.64444444]}},{"type":"Feature","id":"port-1730087447","properties":{"id":"port-1730087447","name":"Sete","scalerank":8,"isMajor":false,"provinceId":"FRA-5307","provinceName":"Hérault","countryIso3":"FRA","countryName":"France","source":"Natural Earth 1:10m ports"},"geometry":{"type":"Point","coordinates":[3.71024735,43.40472222]}},{"type":"Feature","id":"port-1730087449","properties":{"id":"port-1730087449","name":"Greenock","scalerank":8,"isMajor":false,"provinceId":"GBR-2005","provinceName":"Inverclyde","countryIso3":"GBR","countryName":"United Kingdom","source":"Natural Earth 1:10m ports"},"geometry":{"type":"Point","coordinates":[-4.756713781,55.95472222]}},{"type":"Feature","id":"port-1730087453","properties":{"id":"port-1730087453","name":"Poole","scalerank":8,"isMajor":false,"provinceId":"GBR-2052","provinceName":"Poole","countryIso3":"GBR","countryName":"United Kingdom","source":"Natural Earth 1:10m ports"},"geometry":{"type":"Point","coordinates":[-1.986513545,50.71444444]}},{"type":"Feature","id":"port-1730087455","properties":{"id":"port-1730087455","name":"Falmouth","scalerank":8,"isMajor":false,"provinceId":"GBR-2110","provinceName":"Cornwall","countryIso3":"GBR","countryName":"United Kingdom","source":"Natural Earth 1:10m ports"},"geometry":{"type":"Point","coordinates":[-5.053533569,50.15277778]}},{"type":"Feature","id":"port-1730087457","properties":{"id":"port-1730087457","name":"Leith","scalerank":8,"isMajor":false,"provinceId":"GBR-2023","provinceName":"Edinburgh","countryIso3":"GBR","countryName":"United Kingdom","source":"Natural Earth 1:10m ports"},"geometry":{"type":"Point","coordinates":[-3.171790342,55.9825]}},{"type":"Feature","id":"port-1730087459","properties":{"id":"port-1730087459","name":"Montrose","scalerank":8,"isMajor":false,"provinceId":"GBR-2019","provinceName":"Angus","countryIso3":"GBR","countryName":"United Kingdom","source":"Natural Earth 1:10m ports"},"geometry":{"type":"Point","coordinates":[-2.467903416,56.70444444]}},{"type":"Feature","id":"port-1730087461","properties":{"id":"port-1730087461","name":"Newport","scalerank":8,"isMajor":false,"provinceId":"GBR-2133","provinceName":"Newport","countryIso3":"GBR","countryName":"United Kingdom","source":"Natural Earth 1:10m ports"},"geometry":{"type":"Point","coordinates":[-2.984746761,51.55888889]}},{"type":"Feature","id":"port-1730087463","properties":{"id":"port-1730087463","name":"Sunderland","scalerank":8,"isMajor":false,"provinceId":"GBR-5664","provinceName":"Sunderland","countryIso3":"GBR","countryName":"United Kingdom","source":"Natural Earth 1:10m ports"},"geometry":{"type":"Point","coordinates":[-1.356183746,54.90694444]}},{"type":"Feature","id":"port-1730087465","properties":{"id":"port-1730087465","name":"Teesport","scalerank":8,"isMajor":false,"provinceId":"GBR-2032","provinceName":"Redcar and Cleveland","countryIso3":"GBR","countryName":"United Kingdom","source":"Natural Earth 1:10m ports"},"geometry":{"type":"Point","coordinates":[-1.157067138,54.60805556]}},{"type":"Feature","id":"port-1730087467","properties":{"id":"port-1730087467","name":"Poti","scalerank":8,"isMajor":false,"provinceId":"GEO-3029","provinceName":"Samegrelo-Zemo Svaneti","countryIso3":"GEO","countryName":"Georgia","source":"Natural Earth 1:10m ports"},"geometry":{"type":"Point","coordinates":[41.65282686,42.155]}},{"type":"Feature","id":"port-1730087471","properties":{"id":"port-1730087471","name":"Piraeus","scalerank":8,"isMajor":false,"provinceId":"GRC-2884","provinceName":"Attiki","countryIso3":"GRC","countryName":"Greece","source":"Natural Earth 1:10m ports"},"geometry":{"type":"Point","coordinates":[23.6565371,37.93722222]}},{"type":"Feature","id":"port-1730087473","properties":{"id":"port-1730087473","name":"Piraeus","scalerank":8,"isMajor":false,"provinceId":"GRC-2884","provinceName":"Attiki","countryIso3":"GRC","countryName":"Greece","source":"Natural Earth 1:10m ports"},"geometry":{"type":"Point","coordinates":[23.63368669,37.94111111]}},{"type":"Feature","id":"port-1730087475","properties":{"id":"port-1730087475","name":"Piraeus","scalerank":8,"isMajor":false,"provinceId":"GRC-2884","provinceName":"Attiki","countryIso3":"GRC","countryName":"Greece","source":"Natural Earth 1:10m ports"},"geometry":{"type":"Point","coordinates":[23.64305065,37.93444444]}},{"type":"Feature","id":"port-1730087477","properties":{"id":"port-1730087477","name":"Saint George's","scalerank":8,"isMajor":false,"provinceId":"GRD-5072","provinceName":"Saint George","countryIso3":"GRD","countryName":"Grenada","source":"Natural Earth 1:10m ports"},"geometry":{"type":"Point","coordinates":[-61.75053004,12.04722222]}},{"type":"Feature","id":"port-1730087479","properties":{"id":"port-1730087479","name":"Cayenne","scalerank":8,"isMajor":false,"provinceId":"FRA-2000","provinceName":"Guyane française","countryIso3":"FRA","countryName":"France","source":"Natural Earth 1:10m ports"},"geometry":{"type":"Point","coordinates":[-52.27196702,4.853055556]}},{"type":"Feature","id":"port-1730087481","properties":{"id":"port-1730087481","name":"Bakar","scalerank":8,"isMajor":false,"provinceId":"HRV-1586","provinceName":"Primorsko-Goranska","countryIso3":"HRV","countryName":"Croatia","source":"Natural Earth 1:10m ports"},"geometry":{"type":"Point","coordinates":[14.54075383,45.29972222]}},{"type":"Feature","id":"port-1730087483","properties":{"id":"port-1730087483","name":"Rovinj","scalerank":8,"isMajor":false,"provinceId":"HRV-1592","provinceName":"Istarska","countryIso3":"HRV","countryName":"Croatia","source":"Natural Earth 1:10m ports"},"geometry":{"type":"Point","coordinates":[13.63492344,45.08055556]}},{"type":"Feature","id":"port-1730087485","properties":{"id":"port-1730087485","name":"Sibenik","scalerank":8,"isMajor":false,"provinceId":"HRV-1491","provinceName":"Šibensko-Kninska","countryIso3":"HRV","countryName":"Croatia","source":"Natural Earth 1:10m ports"},"geometry":{"type":"Point","coordinates":[15.89163722,43.72638889]}},{"type":"Feature","id":"port-1730087489","properties":{"id":"port-1730087489","name":"Gonaives","scalerank":8,"isMajor":false,"provinceId":"HTI-1384","provinceName":"L'Artibonite","countryIso3":"HTI","countryName":"Haiti","source":"Natural Earth 1:10m ports"},"geometry":{"type":"Point","coordinates":[-72.70371025,19.44833333]}},{"type":"Feature","id":"port-1730087491","properties":{"id":"port-1730087491","name":"Sorong","scalerank":8,"isMajor":false,"provinceId":"IDN-1933","provinceName":"Papua Barat","countryIso3":"IDN","countryName":"Indonesia","source":"Natural Earth 1:10m ports"},"geometry":{"type":"Point","coordinates":[131.2425206,-0.876944444]}},{"type":"Feature","id":"port-1730087493","properties":{"id":"port-1730087493","name":"Alleppey","scalerank":8,"isMajor":false,"provinceId":"IND-2442","provinceName":"Kerala","countryIso3":"IND","countryName":"India","source":"Natural Earth 1:10m ports"},"geometry":{"type":"Point","coordinates":[76.31042403,9.491944444]}},{"type":"Feature","id":"port-1730087495","properties":{"id":"port-1730087495","name":"Kakinada","scalerank":8,"isMajor":false,"provinceId":"IND-2441","provinceName":"Andhra Pradesh","countryIso3":"IND","countryName":"India","source":"Natural Earth 1:10m ports"},"geometry":{"type":"Point","coordinates":[82.2746172,16.97777778]}},{"type":"Feature","id":"port-1730087497","properties":{"id":"port-1730087497","name":"Tuticorin","scalerank":8,"isMajor":false,"provinceId":"IND-3263","provinceName":"Tamil Nadu","countryIso3":"IND","countryName":"India","source":"Natural Earth 1:10m ports"},"geometry":{"type":"Point","coordinates":[78.18704358,8.758333333]}},{"type":"Feature","id":"port-1730087499","properties":{"id":"port-1730087499","name":"Sligo","scalerank":8,"isMajor":false,"provinceId":"IRL-728","provinceName":"Sligo","countryIso3":"IRL","countryName":"Ireland","source":"Natural Earth 1:10m ports"},"geometry":{"type":"Point","coordinates":[-8.471260306,54.27166667]}},{"type":"Feature","id":"port-1730087501","properties":{"id":"port-1730087501","name":"Licata","scalerank":8,"isMajor":false,"provinceId":"ITA-5417","provinceName":"Agrigento","countryIso3":"ITA","countryName":"Italy","source":"Natural Earth 1:10m ports"},"geometry":{"type":"Point","coordinates":[13.93828033,37.09027778]}},{"type":"Feature","id":"port-1730087503","properties":{"id":"port-1730087503","name":"Alghero","scalerank":8,"isMajor":false,"provinceId":"ITA-5374","provinceName":"Sassari","countryIso3":"ITA","countryName":"Italy","source":"Natural Earth 1:10m ports"},"geometry":{"type":"Point","coordinates":[8.30795053,40.56277778]}},{"type":"Feature","id":"port-1730087507","properties":{"id":"port-1730087507","name":"Bagnoli","scalerank":8,"isMajor":false,"provinceId":"ITA-5397","provinceName":"Napoli","countryIso3":"ITA","countryName":"Italy","source":"Natural Earth 1:10m ports"},"geometry":{"type":"Point","coordinates":[14.16007067,40.80333333]}},{"type":"Feature","id":"port-1730087509","properties":{"id":"port-1730087509","name":"Barletta","scalerank":8,"isMajor":false,"provinceId":"ITA-5405","provinceName":"Barletta-Andria Trani","countryIso3":"ITA","countryName":"Italy","source":"Natural Earth 1:10m ports"},"geometry":{"type":"Point","coordinates":[16.28775029,41.32555556]}},{"type":"Feature","id":"port-1730087511","properties":{"id":"port-1730087511","name":"Brindisi","scalerank":8,"isMajor":false,"provinceId":"ITA-5406","provinceName":"Brindisi","countryIso3":"ITA","countryName":"Italy","source":"Natural Earth 1:10m ports"},"geometry":{"type":"Point","coordinates":[17.95600707,40.64638889]}},{"type":"Feature","id":"port-1730087513","properties":{"id":"port-1730087513","name":"Crotone","scalerank":8,"isMajor":false,"provinceId":"ITA-5392","provinceName":"Crotene","countryIso3":"ITA","countryName":"Italy","source":"Natural Earth 1:10m ports"},"geometry":{"type":"Point","coordinates":[17.12338045,39.08611111]}},{"type":"Feature","id":"port-1730087515","properties":{"id":"port-1730087515","name":"Gallipoli","scalerank":8,"isMajor":false,"provinceId":"ITA-5407","provinceName":"Lecce","countryIso3":"ITA","countryName":"Italy","source":"Natural Earth 1:10m ports"},"geometry":{"type":"Point","coordinates":[17.97567727,40.05583333]}},{"type":"Feature","id":"port-1730087517","properties":{"id":"port-1730087517","name":"Imperia","scalerank":8,"isMajor":false,"provinceId":"ITA-5369","provinceName":"Imperia","countryIso3":"ITA","countryName":"Italy","source":"Natural Earth 1:10m ports"},"geometry":{"type":"Point","coordinates":[8.026914016,43.88277778]}},{"type":"Feature","id":"port-1730087519","properties":{"id":"port-1730087519","name":"La Maddalena","scalerank":8,"isMajor":false,"provinceId":"ITA-5375","provinceName":"Olbia-Tempio","countryIso3":"ITA","countryName":"Italy","source":"Natural Earth 1:10m ports"},"geometry":{"type":"Point","coordinates":[9.409363958,41.21333333]}},{"type":"Feature","id":"port-1730087521","properties":{"id":"port-1730087521","name":"La Spezia","scalerank":8,"isMajor":false,"provinceId":"ITA-5370","provinceName":"La Spezia","countryIso3":"ITA","countryName":"Italy","source":"Natural Earth 1:10m ports"},"geometry":{"type":"Point","coordinates":[9.850353357,44.08722222]}},{"type":"Feature","id":"port-1730087525","properties":{"id":"port-1730087525","name":"Marsala","scalerank":8,"isMajor":false,"provinceId":"ITA-5409","provinceName":"Trapani","countryIso3":"ITA","countryName":"Italy","source":"Natural Earth 1:10m ports"},"geometry":{"type":"Point","coordinates":[12.43545347,37.78972222]}},{"type":"Feature","id":"port-1730087527","properties":{"id":"port-1730087527","name":"Messina","scalerank":8,"isMajor":false,"provinceId":"ITA-5411","provinceName":"Messina","countryIso3":"ITA","countryName":"Italy","source":"Natural Earth 1:10m ports"},"geometry":{"type":"Point","coordinates":[15.55918728,38.20027778]}},{"type":"Feature","id":"port-1730087529","properties":{"id":"port-1730087529","name":"Molfetta","scalerank":8,"isMajor":false,"provinceId":"ITA-5403","provinceName":"Bari","countryIso3":"ITA","countryName":"Italy","source":"Natural Earth 1:10m ports"},"geometry":{"type":"Point","coordinates":[16.58775029,41.20833333]}},{"type":"Feature","id":"port-1730087531","properties":{"id":"port-1730087531","name":"Monfalcone","scalerank":8,"isMajor":false,"provinceId":"ITA-5457","provinceName":"Gorizia","countryIso3":"ITA","countryName":"Italy","source":"Natural Earth 1:10m ports"},"geometry":{"type":"Point","coordinates":[13.55265018,45.78861111]}},{"type":"Feature","id":"port-1730087533","properties":{"id":"port-1730087533","name":"Monopoli","scalerank":8,"isMajor":false,"provinceId":"ITA-5403","provinceName":"Bari","countryIso3":"ITA","countryName":"Italy","source":"Natural Earth 1:10m ports"},"geometry":{"type":"Point","coordinates":[17.30035336,40.95611111]}},{"type":"Feature","id":"port-1730087535","properties":{"id":"port-1730087535","name":"Pesaro","scalerank":8,"isMajor":false,"provinceId":"ITA-5428","provinceName":"Pesaro e Urbino","countryIso3":"ITA","countryName":"Italy","source":"Natural Earth 1:10m ports"},"geometry":{"type":"Point","coordinates":[12.9024735,43.92083333]}},{"type":"Feature","id":"port-1730087537","properties":{"id":"port-1730087537","name":"Porto Torres","scalerank":8,"isMajor":false,"provinceId":"ITA-5374","provinceName":"Sassari","countryIso3":"ITA","countryName":"Italy","source":"Natural Earth 1:10m ports"},"geometry":{"type":"Point","coordinates":[8.392167256,40.84361111]}},{"type":"Feature","id":"port-1730087539","properties":{"id":"port-1730087539","name":"Ravenna","scalerank":8,"isMajor":false,"provinceId":"ITA-5364","provinceName":"Ravenna","countryIso3":"ITA","countryName":"Italy","source":"Natural Earth 1:10m ports"},"geometry":{"type":"Point","coordinates":[12.25035336,44.46222222]}},{"type":"Feature","id":"port-1730087543","properties":{"id":"port-1730087543","name":"Siracusa","scalerank":8,"isMajor":false,"provinceId":"ITA-5414","provinceName":"Siracusa","countryIso3":"ITA","countryName":"Italy","source":"Natural Earth 1:10m ports"},"geometry":{"type":"Point","coordinates":[15.28757362,37.06611111]}},{"type":"Feature","id":"port-1730087545","properties":{"id":"port-1730087545","name":"Taranto","scalerank":8,"isMajor":false,"provinceId":"ITA-5408","provinceName":"Taranto","countryIso3":"ITA","countryName":"Italy","source":"Natural Earth 1:10m ports"},"geometry":{"type":"Point","coordinates":[17.18898704,40.48805556]}},{"type":"Feature","id":"port-1730087547","properties":{"id":"port-1730087547","name":"Torre Annunziata","scalerank":8,"isMajor":false,"provinceId":"ITA-5397","provinceName":"Napoli","countryIso3":"ITA","countryName":"Italy","source":"Natural Earth 1:10m ports"},"geometry":{"type":"Point","coordinates":[14.44287397,40.75]}},{"type":"Feature","id":"port-1730087549","properties":{"id":"port-1730087549","name":"Omura","scalerank":8,"isMajor":false,"provinceId":"JPN-3500","provinceName":"Nagasaki","countryIso3":"JPN","countryName":"Japan","source":"Natural Earth 1:10m ports"},"geometry":{"type":"Point","coordinates":[129.9503534,32.90166667]}},{"type":"Feature","id":"port-1730087551","properties":{"id":"port-1730087551","name":"Amagasaki","scalerank":8,"isMajor":false,"provinceId":"JPN-1849","provinceName":"Hyōgo","countryIso3":"JPN","countryName":"Japan","source":"Natural Earth 1:10m ports"},"geometry":{"type":"Point","coordinates":[135.3833333,34.69138889]}},{"type":"Feature","id":"port-1730087553","properties":{"id":"port-1730087553","name":"Fushiki","scalerank":8,"isMajor":false,"provinceId":"JPN-1846","provinceName":"Toyama","countryIso3":"JPN","countryName":"Japan","source":"Natural Earth 1:10m ports"},"geometry":{"type":"Point","coordinates":[137.1084806,36.77583333]}},{"type":"Feature","id":"port-1730087555","properties":{"id":"port-1730087555","name":"Imabari","scalerank":8,"isMajor":false,"provinceId":"JPN-1832","provinceName":"Ehime","countryIso3":"JPN","countryName":"Japan","source":"Natural Earth 1:10m ports"},"geometry":{"type":"Point","coordinates":[133.0061837,34.06805556]}},{"type":"Feature","id":"port-1730087557","properties":{"id":"port-1730087557","name":"Iwakuni","scalerank":8,"isMajor":false,"provinceId":"JPN-1826","provinceName":"Yamaguchi","countryIso3":"JPN","countryName":"Japan","source":"Natural Earth 1:10m ports"},"geometry":{"type":"Point","coordinates":[132.2352768,34.17694444]}},{"type":"Feature","id":"port-1730087561","properties":{"id":"port-1730087561","name":"Kainan","scalerank":8,"isMajor":false,"provinceId":"JPN-1854","provinceName":"Wakayama","countryIso3":"JPN","countryName":"Japan","source":"Natural Earth 1:10m ports"},"geometry":{"type":"Point","coordinates":[135.188457,34.15305556]}},{"type":"Feature","id":"port-1730087563","properties":{"id":"port-1730087563","name":"Kanazawa","scalerank":8,"isMajor":false,"provinceId":"JPN-1842","provinceName":"Ishikawa","countryIso3":"JPN","countryName":"Japan","source":"Natural Earth 1:10m ports"},"geometry":{"type":"Point","coordinates":[136.6065371,36.61694444]}},{"type":"Feature","id":"port-1730087565","properties":{"id":"port-1730087565","name":"Kawasaki","scalerank":8,"isMajor":false,"provinceId":"JPN-1857","provinceName":"Kanagawa","countryIso3":"JPN","countryName":"Japan","source":"Natural Earth 1:10m ports"},"geometry":{"type":"Point","coordinates":[139.7437574,35.50638889]}},{"type":"Feature","id":"port-1730087567","properties":{"id":"port-1730087567","name":"Kokura","scalerank":8,"isMajor":false,"provinceId":"JPN-1829","provinceName":"Fukuoka","countryIso3":"JPN","countryName":"Japan","source":"Natural Earth 1:10m ports"},"geometry":{"type":"Point","coordinates":[130.8735571,33.90833333]}},{"type":"Feature","id":"port-1730087569","properties":{"id":"port-1730087569","name":"Maizuru","scalerank":8,"isMajor":false,"provinceId":"JPN-1850","provinceName":"Kyōto","countryIso3":"JPN","countryName":"Japan","source":"Natural Earth 1:10m ports"},"geometry":{"type":"Point","coordinates":[135.3852768,35.48166667]}},{"type":"Feature","id":"port-1730087571","properties":{"id":"port-1730087571","name":"Matsusaka","scalerank":8,"isMajor":false,"provinceId":"JPN-1843","provinceName":"Mie","countryIso3":"JPN","countryName":"Japan","source":"Natural Earth 1:10m ports"},"geometry":{"type":"Point","coordinates":[136.5533569,34.60805556]}},{"type":"Feature","id":"port-1730087573","properties":{"id":"port-1730087573","name":"Miyazu","scalerank":8,"isMajor":false,"provinceId":"JPN-1850","provinceName":"Kyōto","countryIso3":"JPN","countryName":"Japan","source":"Natural Earth 1:10m ports"},"geometry":{"type":"Point","coordinates":[135.193404,35.54333333]}},{"type":"Feature","id":"port-1730087575","properties":{"id":"port-1730087575","name":"Muroran","scalerank":8,"isMajor":false,"provinceId":"JPN-1847","provinceName":"Hokkaidō","countryIso3":"JPN","countryName":"Japan","source":"Natural Earth 1:10m ports"},"geometry":{"type":"Point","coordinates":[140.9540636,42.33583333]}},{"type":"Feature","id":"port-1730087579","properties":{"id":"port-1730087579","name":"Niigata","scalerank":8,"isMajor":false,"provinceId":"JPN-1867","provinceName":"Niigata","countryIso3":"JPN","countryName":"Japan","source":"Natural Earth 1:10m ports"},"geometry":{"type":"Point","coordinates":[139.1247939,37.955]}},{"type":"Feature","id":"port-1730087581","properties":{"id":"port-1730087581","name":"Saganoseki","scalerank":8,"isMajor":false,"provinceId":"JPN-1835","provinceName":"Ōita","countryIso3":"JPN","countryName":"Japan","source":"Natural Earth 1:10m ports"},"geometry":{"type":"Point","coordinates":[131.8693168,33.25138889]}},{"type":"Feature","id":"port-1730087583","properties":{"id":"port-1730087583","name":"Sasebo","scalerank":8,"isMajor":false,"provinceId":"JPN-3500","provinceName":"Nagasaki","countryIso3":"JPN","countryName":"Japan","source":"Natural Earth 1:10m ports"},"geometry":{"type":"Point","coordinates":[129.7077739,33.15694444]}},{"type":"Feature","id":"port-1730087585","properties":{"id":"port-1730087585","name":"Shimizu","scalerank":8,"isMajor":false,"provinceId":"JPN-1845","provinceName":"Shizuoka","countryIso3":"JPN","countryName":"Japan","source":"Natural Earth 1:10m ports"},"geometry":{"type":"Point","coordinates":[138.509894,35.01444444]}},{"type":"Feature","id":"port-1730087587","properties":{"id":"port-1730087587","name":"Shimotsu","scalerank":8,"isMajor":false,"provinceId":"JPN-1854","provinceName":"Wakayama","countryIso3":"JPN","countryName":"Japan","source":"Natural Earth 1:10m ports"},"geometry":{"type":"Point","coordinates":[135.1333333,34.11638889]}},{"type":"Feature","id":"port-1730087589","properties":{"id":"port-1730087589","name":"Wakayama","scalerank":8,"isMajor":false,"provinceId":"JPN-1854","provinceName":"Wakayama","countryIso3":"JPN","countryName":"Japan","source":"Natural Earth 1:10m ports"},"geometry":{"type":"Point","coordinates":[135.1270907,34.22305556]}},{"type":"Feature","id":"port-1730087591","properties":{"id":"port-1730087591","name":"Yokosuka","scalerank":8,"isMajor":false,"provinceId":"JPN-1857","provinceName":"Kanagawa","countryIso3":"JPN","countryName":"Japan","source":"Natural Earth 1:10m ports"},"geometry":{"type":"Point","coordinates":[139.654417,35.30444444]}},{"type":"Feature","id":"port-1730087593","properties":{"id":"port-1730087593","name":"Galle","scalerank":8,"isMajor":false,"provinceId":"LKA-2464","provinceName":"Gālla","countryIso3":"LKA","countryName":"Sri Lanka","source":"Natural Earth 1:10m ports"},"geometry":{"type":"Point","coordinates":[80.22497055,6.033333333]}},{"type":"Feature","id":"port-1730087597","properties":{"id":"port-1730087597","name":"Ventspils","scalerank":8,"isMajor":false,"provinceId":"LVA-4852","provinceName":"Ventspils","countryIso3":"LVA","countryName":"Latvia","source":"Natural Earth 1:10m ports"},"geometry":{"type":"Point","coordinates":[21.53704358,57.40305556]}},{"type":"Feature","id":"port-1730087599","properties":{"id":"port-1730087599","name":"Frontera","scalerank":8,"isMajor":false,"provinceId":"MEX-2725","provinceName":"Tabasco","countryIso3":"MEX","countryName":"Mexico","source":"Natural Earth 1:10m ports"},"geometry":{"type":"Point","coordinates":[-92.65212014,18.53027778]}},{"type":"Feature","id":"port-1730087601","properties":{"id":"port-1730087601","name":"Minatitlan","scalerank":8,"isMajor":false,"provinceId":"MEX-2734","provinceName":"Veracruz","countryIso3":"MEX","countryName":"Mexico","source":"Natural Earth 1:10m ports"},"geometry":{"type":"Point","coordinates":[-94.53457008,17.97583333]}},{"type":"Feature","id":"port-1730087603","properties":{"id":"port-1730087603","name":"Pajaritos","scalerank":8,"isMajor":false,"provinceId":"MEX-2734","provinceName":"Veracruz","countryIso3":"MEX","countryName":"Mexico","source":"Natural Earth 1:10m ports"},"geometry":{"type":"Point","coordinates":[-94.40053004,18.1275]}},{"type":"Feature","id":"port-1730087605","properties":{"id":"port-1730087605","name":"Santa Rosalia","scalerank":8,"isMajor":false,"provinceId":"MEX-2707","provinceName":"Baja California Sur","countryIso3":"MEX","countryName":"Mexico","source":"Natural Earth 1:10m ports"},"geometry":{"type":"Point","coordinates":[-112.2584806,27.33916667]}},{"type":"Feature","id":"port-1730087607","properties":{"id":"port-1730087607","name":"Progreso","scalerank":8,"isMajor":false,"provinceId":"MEX-2737","provinceName":"Yucatán","countryIso3":"MEX","countryName":"Mexico","source":"Natural Earth 1:10m ports"},"geometry":{"type":"Point","coordinates":[-89.67055359,21.31361111]}},{"type":"Feature","id":"port-1730087609","properties":{"id":"port-1730087609","name":"Tuxpan","scalerank":8,"isMajor":false,"provinceId":"MEX-2734","provinceName":"Veracruz","countryIso3":"MEX","countryName":"Mexico","source":"Natural Earth 1:10m ports"},"geometry":{"type":"Point","coordinates":[-97.37055359,20.94055556]}},{"type":"Feature","id":"port-1730087611","properties":{"id":"port-1730087611","name":"Kemaman","scalerank":8,"isMajor":false,"provinceId":"MYS-1149","provinceName":"Terengganu","countryIso3":"MYS","countryName":"Malaysia","source":"Natural Earth 1:10m ports"},"geometry":{"type":"Point","coordinates":[103.4591873,4.249444444]}},{"type":"Feature","id":"port-1730087615","properties":{"id":"port-1730087615","name":"Den Helder","scalerank":8,"isMajor":false,"provinceId":"NLD-3486","provinceName":"Noord-Holland","countryIso3":"NLD","countryName":"Netherlands","source":"Natural Earth 1:10m ports"},"geometry":{"type":"Point","coordinates":[4.78368669,52.95805556]}},{"type":"Feature","id":"port-1730087617","properties":{"id":"port-1730087617","name":"Dordrecht","scalerank":8,"isMajor":false,"provinceId":"NLD-3485","provinceName":"Zuid-Holland","countryIso3":"NLD","countryName":"Netherlands","source":"Natural Earth 1:10m ports"},"geometry":{"type":"Point","coordinates":[4.651413428,51.80583333]}},{"type":"Feature","id":"port-1730087619","properties":{"id":"port-1730087619","name":"Delfzijl","scalerank":8,"isMajor":false,"provinceId":"NLD-897","provinceName":"Groningen","countryIso3":"NLD","countryName":"Netherlands","source":"Natural Earth 1:10m ports"},"geometry":{"type":"Point","coordinates":[6.955477032,53.32055556]}},{"type":"Feature","id":"port-1730087621","properties":{"id":"port-1730087621","name":"Arendal","scalerank":8,"isMajor":false,"provinceId":"NOR-912","provinceName":"Aust-Agder","countryIso3":"NOR","countryName":"Norway","source":"Natural Earth 1:10m ports"},"geometry":{"type":"Point","coordinates":[8.757420495,58.45416667]}},{"type":"Feature","id":"port-1730087623","properties":{"id":"port-1730087623","name":"Drammen","scalerank":8,"isMajor":false,"provinceId":"NOR-918","provinceName":"Buskerud","countryIso3":"NOR","countryName":"Norway","source":"Natural Earth 1:10m ports"},"geometry":{"type":"Point","coordinates":[10.22497055,59.73666667]}},{"type":"Feature","id":"port-1730087625","properties":{"id":"port-1730087625","name":"Halden","scalerank":8,"isMajor":false,"provinceId":"NOR-924","provinceName":"Østfold","countryIso3":"NOR","countryName":"Norway","source":"Natural Earth 1:10m ports"},"geometry":{"type":"Point","coordinates":[11.37532391,59.11805556]}},{"type":"Feature","id":"port-1730087627","properties":{"id":"port-1730087627","name":"Harstad","scalerank":8,"isMajor":false,"provinceId":"NOR-900","provinceName":"Troms","countryIso3":"NOR","countryName":"Norway","source":"Natural Earth 1:10m ports"},"geometry":{"type":"Point","coordinates":[16.54163722,68.78916667]}},{"type":"Feature","id":"port-1730087629","properties":{"id":"port-1730087629","name":"Larvik","scalerank":8,"isMajor":false,"provinceId":"NOR-923","provinceName":"Vestfold","countryIso3":"NOR","countryName":"Norway","source":"Natural Earth 1:10m ports"},"geometry":{"type":"Point","coordinates":[10.02550059,59.04527778]}},{"type":"Feature","id":"port-1730087633","properties":{"id":"port-1730087633","name":"Moss","scalerank":8,"isMajor":false,"provinceId":"NOR-924","provinceName":"Østfold","countryIso3":"NOR","countryName":"Norway","source":"Natural Earth 1:10m ports"},"geometry":{"type":"Point","coordinates":[10.65282686,59.43222222]}},{"type":"Feature","id":"port-1730087635","properties":{"id":"port-1730087635","name":"Sandefjord","scalerank":8,"isMajor":false,"provinceId":"NOR-923","provinceName":"Vestfold","countryIso3":"NOR","countryName":"Norway","source":"Natural Earth 1:10m ports"},"geometry":{"type":"Point","coordinates":[10.22497055,59.12361111]}},{"type":"Feature","id":"port-1730087637","properties":{"id":"port-1730087637","name":"Tonsberg","scalerank":8,"isMajor":false,"provinceId":"NOR-923","provinceName":"Vestfold","countryIso3":"NOR","countryName":"Norway","source":"Natural Earth 1:10m ports"},"geometry":{"type":"Point","coordinates":[10.404947,59.265]}},{"type":"Feature","id":"port-1730087639","properties":{"id":"port-1730087639","name":"Lyttelton","scalerank":8,"isMajor":false,"provinceId":"NZL-3400","provinceName":"Canterbury","countryIso3":"NZL","countryName":"New Zealand","source":"Natural Earth 1:10m ports"},"geometry":{"type":"Point","coordinates":[172.7102473,-43.60611111]}},{"type":"Feature","id":"port-1730087641","properties":{"id":"port-1730087641","name":"Qalhat","scalerank":8,"isMajor":false,"provinceId":"OMN-5496","provinceName":"Ash Sharqiyah North","countryIso3":"OMN","countryName":"Oman","source":"Natural Earth 1:10m ports"},"geometry":{"type":"Point","coordinates":[59.42055359,22.65666667]}},{"type":"Feature","id":"port-1730087643","properties":{"id":"port-1730087643","name":"Sohar","scalerank":8,"isMajor":false,"provinceId":"OMN-2424","provinceName":"Al Batnah North","countryIso3":"OMN","countryName":"Oman","source":"Natural Earth 1:10m ports"},"geometry":{"type":"Point","coordinates":[56.73792697,24.37833333]}},{"type":"Feature","id":"port-1730087645","properties":{"id":"port-1730087645","name":"Balboa","scalerank":8,"isMajor":false,"provinceId":"PAN-1340","provinceName":"Panama","countryIso3":"PAN","countryName":"Panama","source":"Natural Earth 1:10m ports"},"geometry":{"type":"Point","coordinates":[-79.56878681,8.955555556]}},{"type":"Feature","id":"port-1730087647","properties":{"id":"port-1730087647","name":"Cristobal","scalerank":8,"isMajor":false,"provinceId":"PAN-1337","provinceName":"Colón","countryIso3":"PAN","countryName":"Panama","source":"Natural Earth 1:10m ports"},"geometry":{"type":"Point","coordinates":[-79.90477032,9.350277778]}},{"type":"Feature","id":"port-1730087651","properties":{"id":"port-1730087651","name":"Pedregal","scalerank":8,"isMajor":false,"provinceId":"PAN-1332","provinceName":"Chiriquí","countryIso3":"PAN","countryName":"Panama","source":"Natural Earth 1:10m ports"},"geometry":{"type":"Point","coordinates":[-82.43457008,8.365]}},{"type":"Feature","id":"port-1730087653","properties":{"id":"port-1730087653","name":"Callao","scalerank":8,"isMajor":false,"provinceId":"PER-3505","provinceName":"Callao","countryIso3":"PER","countryName":"Peru","source":"Natural Earth 1:10m ports"},"geometry":{"type":"Point","coordinates":[-77.1418139,-12.04527778]}},{"type":"Feature","id":"port-1730087655","properties":{"id":"port-1730087655","name":"Matarani","scalerank":8,"isMajor":false,"provinceId":"PER-570","provinceName":"Arequipa","countryIso3":"PER","countryName":"Peru","source":"Natural Earth 1:10m ports"},"geometry":{"type":"Point","coordinates":[-72.10424028,-16.99777778]}},{"type":"Feature","id":"port-1730087657","properties":{"id":"port-1730087657","name":"Swinoujscie","scalerank":8,"isMajor":false,"provinceId":"POL-3142","provinceName":"West Pomeranian","countryIso3":"POL","countryName":"Poland","source":"Natural Earth 1:10m ports"},"geometry":{"type":"Point","coordinates":[14.26861013,53.905]}},{"type":"Feature","id":"port-1730087659","properties":{"id":"port-1730087659","name":"Leixoes","scalerank":8,"isMajor":false,"provinceId":"PRT-754","provinceName":"Porto","countryIso3":"PRT","countryName":"Portugal","source":"Natural Earth 1:10m ports"},"geometry":{"type":"Point","coordinates":[-8.692873969,41.185]}},{"type":"Feature","id":"port-1730087661","properties":{"id":"port-1730087661","name":"Setubal","scalerank":8,"isMajor":false,"provinceId":"PRT-5498","provinceName":"Setúbal","countryIso3":"PRT","countryName":"Portugal","source":"Natural Earth 1:10m ports"},"geometry":{"type":"Point","coordinates":[-8.821436985,38.48972222]}},{"type":"Feature","id":"port-1730087663","properties":{"id":"port-1730087663","name":"Aveiro","scalerank":8,"isMajor":false,"provinceId":"PRT-739","provinceName":"Aveiro","countryIso3":"PRT","countryName":"Portugal","source":"Natural Earth 1:10m ports"},"geometry":{"type":"Point","coordinates":[-8.7196702,40.64361111]}},{"type":"Feature","id":"port-1730087665","properties":{"id":"port-1730087665","name":"Viana do Castelo","scalerank":8,"isMajor":false,"provinceId":"PRT-741","provinceName":"Viana do Castelo","countryIso3":"PRT","countryName":"Portugal","source":"Natural Earth 1:10m ports"},"geometry":{"type":"Point","coordinates":[-8.823027091,41.68638889]}},{"type":"Feature","id":"port-1730087669","properties":{"id":"port-1730087669","name":"Galati","scalerank":8,"isMajor":false,"provinceId":"ROU-315","provinceName":"Galati","countryIso3":"ROU","countryName":"Romania","source":"Natural Earth 1:10m ports"},"geometry":{"type":"Point","coordinates":[28.08386337,45.44166667]}},{"type":"Feature","id":"port-1730087671","properties":{"id":"port-1730087671","name":"Nakhodka","scalerank":8,"isMajor":false,"provinceId":"RUS-2611","provinceName":"Primor'ye","countryIso3":"RUS","countryName":"Russia","source":"Natural Earth 1:10m ports"},"geometry":{"type":"Point","coordinates":[132.9075972,42.80472222]}},{"type":"Feature","id":"port-1730087673","properties":{"id":"port-1730087673","name":"Kandalaksha","scalerank":8,"isMajor":false,"provinceId":"RUS-2333","provinceName":"Murmansk","countryIso3":"RUS","countryName":"Russia","source":"Natural Earth 1:10m ports"},"geometry":{"type":"Point","coordinates":[32.404947,67.135]}},{"type":"Feature","id":"port-1730087675","properties":{"id":"port-1730087675","name":"Kholmsk","scalerank":8,"isMajor":false,"provinceId":"RUS-2616","provinceName":"Sakhalin","countryIso3":"RUS","countryName":"Russia","source":"Natural Earth 1:10m ports"},"geometry":{"type":"Point","coordinates":[142.0400471,47.05055556]}},{"type":"Feature","id":"port-1730087677","properties":{"id":"port-1730087677","name":"Korsakov","scalerank":8,"isMajor":false,"provinceId":"RUS-2616","provinceName":"Sakhalin","countryIso3":"RUS","countryName":"Russia","source":"Natural Earth 1:10m ports"},"geometry":{"type":"Point","coordinates":[142.7584806,46.62666667]}},{"type":"Feature","id":"port-1730087679","properties":{"id":"port-1730087679","name":"Kronshtadt","scalerank":8,"isMajor":false,"provinceId":"RUS-2337","provinceName":"City of St. Petersburg","countryIso3":"RUS","countryName":"Russia","source":"Natural Earth 1:10m ports"},"geometry":{"type":"Point","coordinates":[29.76737338,59.98694444]}},{"type":"Feature","id":"port-1730087681","properties":{"id":"port-1730087681","name":"Nakhodka","scalerank":8,"isMajor":false,"provinceId":"RUS-2611","provinceName":"Primor'ye","countryIso3":"RUS","countryName":"Russia","source":"Natural Earth 1:10m ports"},"geometry":{"type":"Point","coordinates":[132.8861602,42.8]}},{"type":"Feature","id":"port-1730087683","properties":{"id":"port-1730087683","name":"Novorossiysk","scalerank":8,"isMajor":false,"provinceId":"RUS-2371","provinceName":"Krasnodar","countryIso3":"RUS","countryName":"Russia","source":"Natural Earth 1:10m ports"},"geometry":{"type":"Point","coordinates":[37.80441696,44.715]}},{"type":"Feature","id":"port-1730087687","properties":{"id":"port-1730087687","name":"Tuapse","scalerank":8,"isMajor":false,"provinceId":"RUS-2371","provinceName":"Krasnodar","countryIso3":"RUS","countryName":"Russia","source":"Natural Earth 1:10m ports"},"geometry":{"type":"Point","coordinates":[39.06666667,44.09194444]}},{"type":"Feature","id":"port-1730087689","properties":{"id":"port-1730087689","name":"Jubail","scalerank":8,"isMajor":false,"provinceId":"SAU-1098","provinceName":"Ash Sharqiyah","countryIso3":"SAU","countryName":"Saudi Arabia","source":"Natural Earth 1:10m ports"},"geometry":{"type":"Point","coordinates":[49.67090695,27.02861111]}},{"type":"Feature","id":"port-1730087691","properties":{"id":"port-1730087691","name":"Jubail","scalerank":8,"isMajor":false,"provinceId":"SAU-1098","provinceName":"Ash Sharqiyah","countryIso3":"SAU","countryName":"Saudi Arabia","source":"Natural Earth 1:10m ports"},"geometry":{"type":"Point","coordinates":[49.67302709,27.08777778]}},{"type":"Feature","id":"port-1730087693","properties":{"id":"port-1730087693","name":"Ras al Khafji","scalerank":8,"isMajor":false,"provinceId":"SAU-1098","provinceName":"Ash Sharqiyah","countryIso3":"SAU","countryName":"Saudi Arabia","source":"Natural Earth 1:10m ports"},"geometry":{"type":"Point","coordinates":[48.52249706,28.415]}},{"type":"Feature","id":"port-1730087695","properties":{"id":"port-1730087695","name":"Falkenberg","scalerank":8,"isMajor":false,"provinceId":"SWE-187","provinceName":"Halland","countryIso3":"SWE","countryName":"Sweden","source":"Natural Earth 1:10m ports"},"geometry":{"type":"Point","coordinates":[12.47638398,56.88944444]}},{"type":"Feature","id":"port-1730087697","properties":{"id":"port-1730087697","name":"Ahus","scalerank":8,"isMajor":false,"provinceId":"SWE-3429","provinceName":"Skåne","countryIso3":"SWE","countryName":"Sweden","source":"Natural Earth 1:10m ports"},"geometry":{"type":"Point","coordinates":[14.30547703,55.92555556]}},{"type":"Feature","id":"port-1730087699","properties":{"id":"port-1730087699","name":"Harnosand","scalerank":8,"isMajor":false,"provinceId":"SWE-191","provinceName":"Västernorrland","countryIso3":"SWE","countryName":"Sweden","source":"Natural Earth 1:10m ports"},"geometry":{"type":"Point","coordinates":[17.93881037,62.64083333]}},{"type":"Feature","id":"port-1730087701","properties":{"id":"port-1730087701","name":"Hoganas","scalerank":8,"isMajor":false,"provinceId":"SWE-3429","provinceName":"Skåne","countryIso3":"SWE","countryName":"Sweden","source":"Natural Earth 1:10m ports"},"geometry":{"type":"Point","coordinates":[12.54146054,56.19861111]}},{"type":"Feature","id":"port-1730087705","properties":{"id":"port-1730087705","name":"Karlshamn","scalerank":8,"isMajor":false,"provinceId":"SWE-262","provinceName":"Blekinge","countryIso3":"SWE","countryName":"Sweden","source":"Natural Earth 1:10m ports"},"geometry":{"type":"Point","coordinates":[14.85830389,56.1625]}},{"type":"Feature","id":"port-1730087707","properties":{"id":"port-1730087707","name":"Karlskrona","scalerank":8,"isMajor":false,"provinceId":"SWE-262","provinceName":"Blekinge","countryIso3":"SWE","countryName":"Sweden","source":"Natural Earth 1:10m ports"},"geometry":{"type":"Point","coordinates":[15.58598351,56.16]}},{"type":"Feature","id":"port-1730087709","properties":{"id":"port-1730087709","name":"Nynashamn","scalerank":8,"isMajor":false,"provinceId":"SWE-194","provinceName":"Stockholm","countryIso3":"SWE","countryName":"Sweden","source":"Natural Earth 1:10m ports"},"geometry":{"type":"Point","coordinates":[17.95812721,58.91333333]}},{"type":"Feature","id":"port-1730087711","properties":{"id":"port-1730087711","name":"Oskarshamn","scalerank":8,"isMajor":false,"provinceId":"SWE-180","provinceName":"Kalmar","countryIso3":"SWE","countryName":"Sweden","source":"Natural Earth 1:10m ports"},"geometry":{"type":"Point","coordinates":[16.47073027,57.265]}},{"type":"Feature","id":"port-1730087713","properties":{"id":"port-1730087713","name":"Oxelosund","scalerank":8,"isMajor":false,"provinceId":"SWE-185","provinceName":"Södermanland","countryIso3":"SWE","countryName":"Sweden","source":"Natural Earth 1:10m ports"},"geometry":{"type":"Point","coordinates":[17.10795053,58.66166667]}},{"type":"Feature","id":"port-1730087715","properties":{"id":"port-1730087715","name":"Pitea","scalerank":8,"isMajor":false,"provinceId":"SWE-190","provinceName":"Norrbotten","countryIso3":"SWE","countryName":"Sweden","source":"Natural Earth 1:10m ports"},"geometry":{"type":"Point","coordinates":[21.47037691,65.30888889]}},{"type":"Feature","id":"port-1730087717","properties":{"id":"port-1730087717","name":"Sodertalje","scalerank":8,"isMajor":false,"provinceId":"SWE-194","provinceName":"Stockholm","countryIso3":"SWE","countryName":"Sweden","source":"Natural Earth 1:10m ports"},"geometry":{"type":"Point","coordinates":[17.65918728,59.16972222]}},{"type":"Feature","id":"port-1730087719","properties":{"id":"port-1730087719","name":"Trelleborg","scalerank":8,"isMajor":false,"provinceId":"SWE-3429","provinceName":"Skåne","countryIso3":"SWE","countryName":"Sweden","source":"Natural Earth 1:10m ports"},"geometry":{"type":"Point","coordinates":[13.15159011,55.36805556]}},{"type":"Feature","id":"port-1730087723","properties":{"id":"port-1730087723","name":"Uddevalla","scalerank":8,"isMajor":false,"provinceId":"SWE-3428","provinceName":"Västra Götaland","countryIso3":"SWE","countryName":"Sweden","source":"Natural Earth 1:10m ports"},"geometry":{"type":"Point","coordinates":[11.90477032,58.34805556]}},{"type":"Feature","id":"port-1730087725","properties":{"id":"port-1730087725","name":"Ystad","scalerank":8,"isMajor":false,"provinceId":"SWE-3429","provinceName":"Skåne","countryIso3":"SWE","countryName":"Sweden","source":"Natural Earth 1:10m ports"},"geometry":{"type":"Point","coordinates":[13.82073027,55.42138889]}},{"type":"Feature","id":"port-1730087727","properties":{"id":"port-1730087727","name":"Bangkok","scalerank":8,"isMajor":false,"provinceId":"THA-422","provinceName":"Samut Prakan","countryIso3":"THA","countryName":"Thailand","source":"Natural Earth 1:10m ports"},"geometry":{"type":"Point","coordinates":[100.5849234,13.69583333]}},{"type":"Feature","id":"port-1730087729","properties":{"id":"port-1730087729","name":"Laem Chabang","scalerank":8,"isMajor":false,"provinceId":"THA-430","provinceName":"Chon Buri","countryIso3":"THA","countryName":"Thailand","source":"Natural Earth 1:10m ports"},"geometry":{"type":"Point","coordinates":[100.8909305,13.07388889]}},{"type":"Feature","id":"port-1730087731","properties":{"id":"port-1730087731","name":"Sriracha","scalerank":8,"isMajor":false,"provinceId":"THA-430","provinceName":"Chon Buri","countryIso3":"THA","countryName":"Thailand","source":"Natural Earth 1:10m ports"},"geometry":{"type":"Point","coordinates":[100.9186101,13.17138889]}},{"type":"Feature","id":"port-1730087733","properties":{"id":"port-1730087733","name":"Point Lisas","scalerank":8,"isMajor":false,"provinceId":"TTO-58","provinceName":"Couva-Tabaquite-Talparo","countryIso3":"TTO","countryName":"Trinidad and Tobago","source":"Natural Earth 1:10m ports"},"geometry":{"type":"Point","coordinates":[-61.48951708,10.38833333]}},{"type":"Feature","id":"port-1730087735","properties":{"id":"port-1730087735","name":"Mersin","scalerank":8,"isMajor":false,"provinceId":"TUR-2285","provinceName":"Mersin","countryIso3":"TUR","countryName":"Turkey","source":"Natural Earth 1:10m ports"},"geometry":{"type":"Point","coordinates":[34.64057715,36.79694444]}},{"type":"Feature","id":"port-1730087737","properties":{"id":"port-1730087737","name":"Berdyansk","scalerank":8,"isMajor":false,"provinceId":"UKR-331","provinceName":"Zaporizhzhya","countryIso3":"UKR","countryName":"Ukraine","source":"Natural Earth 1:10m ports"},"geometry":{"type":"Point","coordinates":[36.77320377,46.75138889]}},{"type":"Feature","id":"port-1730087741","properties":{"id":"port-1730087741","name":"Kerch","scalerank":8,"isMajor":false,"provinceId":"RUS-283","provinceName":"Crimea","countryIso3":"RUS","countryName":"Russia","source":"Natural Earth 1:10m ports"},"geometry":{"type":"Point","coordinates":[36.48563015,45.355]}},{"type":"Feature","id":"port-1730087743","properties":{"id":"port-1730087743","name":"Richmond","scalerank":8,"isMajor":false,"provinceId":"USA-3521","provinceName":"California","countryIso3":"USA","countryName":"United States of America","source":"Natural Earth 1:10m ports"},"geometry":{"type":"Point","coordinates":[-122.3590106,37.91388889]}},{"type":"Feature","id":"port-1730087745","properties":{"id":"port-1730087745","name":"Wilmington","scalerank":8,"isMajor":false,"provinceId":"USA-3555","provinceName":"Delaware","countryIso3":"USA","countryName":"United States of America","source":"Natural Earth 1:10m ports"},"geometry":{"type":"Point","coordinates":[-75.51984688,39.71666667]}},{"type":"Feature","id":"port-1730087747","properties":{"id":"port-1730087747","name":"Quincy","scalerank":8,"isMajor":false,"provinceId":"USA-3513","provinceName":"Massachusetts","countryIso3":"USA","countryName":"United States of America","source":"Natural Earth 1:10m ports"},"geometry":{"type":"Point","coordinates":[-70.96896349,42.24138889]}},{"type":"Feature","id":"port-1730087749","properties":{"id":"port-1730087749","name":"Nawiliwili","scalerank":8,"isMajor":false,"provinceId":"USA-3517","provinceName":"Hawaii","countryIso3":"USA","countryName":"United States of America","source":"Natural Earth 1:10m ports"},"geometry":{"type":"Point","coordinates":[-159.3530035,21.95388889]}},{"type":"Feature","id":"port-1730087751","properties":{"id":"port-1730087751","name":"Monterey","scalerank":8,"isMajor":false,"provinceId":"USA-3521","provinceName":"California","countryIso3":"USA","countryName":"United States of America","source":"Natural Earth 1:10m ports"},"geometry":{"type":"Point","coordinates":[-121.888987,36.60555556]}},{"type":"Feature","id":"port-1730087753","properties":{"id":"port-1730087753","name":"Wilmington","scalerank":8,"isMajor":false,"provinceId":"USA-3549","provinceName":"North Carolina","countryIso3":"USA","countryName":"United States of America","source":"Natural Earth 1:10m ports"},"geometry":{"type":"Point","coordinates":[-77.95265018,34.19194444]}},{"type":"Feature","id":"port-1730087755","properties":{"id":"port-1730087755","name":"Gloucester City","scalerank":8,"isMajor":false,"provinceId":"USA-3558","provinceName":"New Jersey","countryIso3":"USA","countryName":"United States of America","source":"Natural Earth 1:10m ports"},"geometry":{"type":"Point","coordinates":[-75.12267373,39.90361111]}},{"type":"Feature","id":"port-1730087759","properties":{"id":"port-1730087759","name":"Bayonne","scalerank":8,"isMajor":false,"provinceId":"USA-3558","provinceName":"New Jersey","countryIso3":"USA","countryName":"United States of America","source":"Natural Earth 1:10m ports"},"geometry":{"type":"Point","coordinates":[-74.1024735,40.6625]}},{"type":"Feature","id":"port-1730087761","properties":{"id":"port-1730087761","name":"Baltimore","scalerank":8,"isMajor":false,"provinceId":"USA-3557","provinceName":"Maryland","countryIso3":"USA","countryName":"United States of America","source":"Natural Earth 1:10m ports"},"geometry":{"type":"Point","coordinates":[-76.55565371,39.2325]}},{"type":"Feature","id":"port-1730087763","properties":{"id":"port-1730087763","name":"Jacksonville","scalerank":8,"isMajor":false,"provinceId":"USA-3542","provinceName":"Florida","countryIso3":"USA","countryName":"United States of America","source":"Natural Earth 1:10m ports"},"geometry":{"type":"Point","coordinates":[-81.55918728,30.38083333]}},{"type":"Feature","id":"port-1730087765","properties":{"id":"port-1730087765","name":"Newport News","scalerank":8,"isMajor":false,"provinceId":"USA-3552","provinceName":"Virginia","countryIso3":"USA","countryName":"United States of America","source":"Natural Earth 1:10m ports"},"geometry":{"type":"Point","coordinates":[-76.4262073,36.98055556]}},{"type":"Feature","id":"port-1730087767","properties":{"id":"port-1730087767","name":"Port Arthur","scalerank":8,"isMajor":false,"provinceId":"USA-3536","provinceName":"Texas","countryIso3":"USA","countryName":"United States of America","source":"Natural Earth 1:10m ports"},"geometry":{"type":"Point","coordinates":[-93.95706714,29.84305556]}},{"type":"Feature","id":"port-1730087769","properties":{"id":"port-1730087769","name":"Portsmouth","scalerank":8,"isMajor":false,"provinceId":"USA-3552","provinceName":"Virginia","countryIso3":"USA","countryName":"United States of America","source":"Natural Earth 1:10m ports"},"geometry":{"type":"Point","coordinates":[-76.28828033,36.81666667]}},{"type":"Feature","id":"port-1730087771","properties":{"id":"port-1730087771","name":"Wilmington","scalerank":8,"isMajor":false,"provinceId":"USA-3549","provinceName":"North Carolina","countryIso3":"USA","countryName":"United States of America","source":"Natural Earth 1:10m ports"},"geometry":{"type":"Point","coordinates":[-77.95265018,34.19194444]}},{"type":"Feature","id":"port-1730087773","properties":{"id":"port-1730087773","name":"Port Arthur","scalerank":8,"isMajor":false,"provinceId":"USA-3536","provinceName":"Texas","countryIso3":"USA","countryName":"United States of America","source":"Natural Earth 1:10m ports"},"geometry":{"type":"Point","coordinates":[-93.95706714,29.84305556]}},{"type":"Feature","id":"port-1730087777","properties":{"id":"port-1730087777","name":"Alexandria","scalerank":8,"isMajor":false,"provinceId":"USA-3552","provinceName":"Virginia","countryIso3":"USA","countryName":"United States of America","source":"Natural Earth 1:10m ports"},"geometry":{"type":"Point","coordinates":[-77.03722026,38.80111111]}},{"type":"Feature","id":"port-1730087779","properties":{"id":"port-1730087779","name":"Newport News","scalerank":8,"isMajor":false,"provinceId":"USA-3552","provinceName":"Virginia","countryIso3":"USA","countryName":"United States of America","source":"Natural Earth 1:10m ports"},"geometry":{"type":"Point","coordinates":[-76.4262073,36.98055556]}},{"type":"Feature","id":"port-1730087781","properties":{"id":"port-1730087781","name":"Brownsville","scalerank":8,"isMajor":false,"provinceId":"USA-3519","provinceName":"Washington","countryIso3":"USA","countryName":"United States of America","source":"Natural Earth 1:10m ports"},"geometry":{"type":"Point","coordinates":[-122.6086572,47.65138889]}},{"type":"Feature","id":"port-1730087783","properties":{"id":"port-1730087783","name":"Vancouver","scalerank":8,"isMajor":false,"provinceId":"USA-3525","provinceName":"Oregon","countryIso3":"USA","countryName":"United States of America","source":"Natural Earth 1:10m ports"},"geometry":{"type":"Point","coordinates":[-122.7038869,45.63472222]}},{"type":"Feature","id":"port-1730087785","properties":{"id":"port-1730087785","name":"Guanta","scalerank":8,"isMajor":false,"provinceId":"VEN-40","provinceName":"Anzoátegui","countryIso3":"VEN","countryName":"Venezuela","source":"Natural Earth 1:10m ports"},"geometry":{"type":"Point","coordinates":[-64.59040047,10.24916667]}},{"type":"Feature","id":"port-1730087787","properties":{"id":"port-1730087787","name":"Keelung","scalerank":8,"isMajor":false,"provinceId":"TWN-1167","provinceName":"New Taipei City","countryIso3":"TWN","countryName":"Taiwan","source":"Natural Earth 1:10m ports"},"geometry":{"type":"Point","coordinates":[121.72583696694346,25.220760141757456]}},{"type":"Feature","id":"port-1730087789","properties":{"id":"port-1730087789","name":"Arrecife","scalerank":8,"isMajor":false,"provinceId":"ESP-5829","provinceName":"Las Palmas","countryIso3":"ESP","countryName":"Spain","source":"Natural Earth 1:10m ports"},"geometry":{"type":"Point","coordinates":[-13.623954376704255,28.948964844057482]}},{"type":"Feature","id":"port-1730087791","properties":{"id":"port-1730087791","name":"St Thomas","scalerank":8,"isMajor":false,"provinceId":"VIR-4868","provinceName":"Saint Thomas","countryIso3":"VIR","countryName":"United States Virgin Islands","source":"Natural Earth 1:10m ports"},"geometry":{"type":"Point","coordinates":[-64.92841530036452,18.332123222010704]}},{"type":"Feature","id":"port-1730087795","properties":{"id":"port-1730087795","name":"Basseterre","scalerank":8,"isMajor":false,"provinceId":"KNA-5112","provinceName":"Trinity Palmetto Point","countryIso3":"KNA","countryName":"Saint Kitts and Nevis","source":"Natural Earth 1:10m ports"},"geometry":{"type":"Point","coordinates":[-62.750002499299285,17.27882702118545]}},{"type":"Feature","id":"port-1730087797","properties":{"id":"port-1730087797","name":"New Orleans","scalerank":8,"isMajor":false,"provinceId":"USA-3535","provinceName":"Louisiana","countryIso3":"USA","countryName":"United States of America","source":"Natural Earth 1:10m ports"},"geometry":{"type":"Point","coordinates":[-90.05637124381114,29.93419996813862]}},{"type":"Feature","id":"port-1730087799","properties":{"id":"port-1730087799","name":"Freeport","scalerank":8,"isMajor":false,"provinceId":"BHS-5011","provinceName":"West Grand Bahama","countryIso3":"BHS","countryName":"The Bahamas","source":"Natural Earth 1:10m ports"},"geometry":{"type":"Point","coordinates":[-78.72766361581795,26.5384106344139]}},{"type":"Feature","id":"port-1730087801","properties":{"id":"port-1730087801","name":"Trenton","scalerank":8,"isMajor":false,"provinceId":"CAN-682","provinceName":"Ontario","countryIso3":"CAN","countryName":"Canada","source":"Natural Earth 1:10m ports"},"geometry":{"type":"Point","coordinates":[-77.56,44.1]}},{"type":"Feature","id":"port-1730087803","properties":{"id":"port-1730087803","name":"Goderich","scalerank":8,"isMajor":false,"provinceId":"CAN-682","provinceName":"Ontario","countryIso3":"CAN","countryName":"Canada","source":"Natural Earth 1:10m ports"},"geometry":{"type":"Point","coordinates":[-81.73,43.75]}},{"type":"Feature","id":"port-1730087805","properties":{"id":"port-1730087805","name":"Midland","scalerank":8,"isMajor":false,"provinceId":"CAN-682","provinceName":"Ontario","countryIso3":"CAN","countryName":"Canada","source":"Natural Earth 1:10m ports"},"geometry":{"type":"Point","coordinates":[-79.91,44.75]}},{"type":"Feature","id":"port-1730087807","properties":{"id":"port-1730087807","name":"St Joseph","scalerank":8,"isMajor":false,"provinceId":"USA-3562","provinceName":"Michigan","countryIso3":"USA","countryName":"United States of America","source":"Natural Earth 1:10m ports"},"geometry":{"type":"Point","coordinates":[-86.48,42.11]}},{"type":"Feature","id":"port-1730087809","properties":{"id":"port-1730087809","name":"Racine","scalerank":8,"isMajor":false,"provinceId":"USA-3553","provinceName":"Wisconsin","countryIso3":"USA","countryName":"United States of America","source":"Natural Earth 1:10m ports"},"geometry":{"type":"Point","coordinates":[-87.78,42.73]}},{"type":"Feature","id":"port-1730087813","properties":{"id":"port-1730087813","name":"Menominee","scalerank":8,"isMajor":false,"provinceId":"USA-3553","provinceName":"Wisconsin","countryIso3":"USA","countryName":"United States of America","source":"Natural Earth 1:10m ports"},"geometry":{"type":"Point","coordinates":[-87.6,45.1]}},{"type":"Feature","id":"port-1730087815","properties":{"id":"port-1730087815","name":"Escanaba","scalerank":8,"isMajor":false,"provinceId":"USA-3562","provinceName":"Michigan","countryIso3":"USA","countryName":"United States of America","source":"Natural Earth 1:10m ports"},"geometry":{"type":"Point","coordinates":[-87.05,45.76]}},{"type":"Feature","id":"port-1730087817","properties":{"id":"port-1730087817","name":"Sacramento","scalerank":8,"isMajor":false,"provinceId":"USA-3521","provinceName":"California","countryIso3":"USA","countryName":"United States of America","source":"Natural Earth 1:10m ports"},"geometry":{"type":"Point","coordinates":[-121.5,38.58]}},{"type":"Feature","id":"port-1730087819","properties":{"id":"port-1730087819","name":"Great Yarmouth","scalerank":8,"isMajor":false,"provinceId":"GBR-2319","provinceName":"Norfolk","countryIso3":"GBR","countryName":"United Kingdom","source":"Natural Earth 1:10m ports"},"geometry":{"type":"Point","coordinates":[1.73,52.61]}},{"type":"Feature","id":"port-1730087821","properties":{"id":"port-1730087821","name":"Dundee","scalerank":8,"isMajor":false,"provinceId":"GBR-2020","provinceName":"Dundee","countryIso3":"GBR","countryName":"United Kingdom","source":"Natural Earth 1:10m ports"},"geometry":{"type":"Point","coordinates":[-2.96,56.46]}},{"type":"Feature","id":"port-1730087823","properties":{"id":"port-1730087823","name":"Portmahomack Harbor","scalerank":8,"isMajor":false,"provinceId":"GBR-2745","provinceName":"Highland","countryIso3":"GBR","countryName":"United Kingdom","source":"Natural Earth 1:10m ports"},"geometry":{"type":"Point","coordinates":[-3.83,57.83]}},{"type":"Feature","id":"port-1730087825","properties":{"id":"port-1730087825","name":"Wick","scalerank":8,"isMajor":false,"provinceId":"GBR-2745","provinceName":"Highland","countryIso3":"GBR","countryName":"United Kingdom","source":"Natural Earth 1:10m ports"},"geometry":{"type":"Point","coordinates":[-3.08,58.43]}},{"type":"Feature","id":"port-1730087827","properties":{"id":"port-1730087827","name":"Oban","scalerank":8,"isMajor":false,"provinceId":"GBR-2746","provinceName":"Argyll and Bute","countryIso3":"GBR","countryName":"United Kingdom","source":"Natural Earth 1:10m ports"},"geometry":{"type":"Point","coordinates":[-5.46,56.41]}},{"type":"Feature","id":"port-1730087831","properties":{"id":"port-1730087831","name":"Douglas","scalerank":8,"isMajor":false,"provinceId":"IMN+00?","provinceName":"Isle of Man","countryIso3":"IMN","countryName":"Isle of Man","source":"Natural Earth 1:10m ports"},"geometry":{"type":"Point","coordinates":[-4.46,54.15]}},{"type":"Feature","id":"port-1730087833","properties":{"id":"port-1730087833","name":"Londonderry","scalerank":8,"isMajor":false,"provinceId":"GBR-2083","provinceName":"Derry","countryIso3":"GBR","countryName":"United Kingdom","source":"Natural Earth 1:10m ports"},"geometry":{"type":"Point","coordinates":[-7.31,55]}},{"type":"Feature","id":"port-1730087835","properties":{"id":"port-1730087835","name":"Silloth","scalerank":8,"isMajor":false,"provinceId":"GBR-2139","provinceName":"Cumbria","countryIso3":"GBR","countryName":"United Kingdom","source":"Natural Earth 1:10m ports"},"geometry":{"type":"Point","coordinates":[-3.4,54.86]}},{"type":"Feature","id":"port-1730087837","properties":{"id":"port-1730087837","name":"Ambriz","scalerank":7,"isMajor":false,"provinceId":"AGO-1877","provinceName":"Bengo","countryIso3":"AGO","countryName":"Angola","source":"Natural Earth 1:10m ports"},"geometry":{"type":"Point","coordinates":[13.09375736,-7.833055556]}},{"type":"Feature","id":"port-1730087839","properties":{"id":"port-1730087839","name":"Cabinda","scalerank":7,"isMajor":false,"provinceId":"AGO-1885","provinceName":"Cabinda","countryIso3":"AGO","countryName":"Angola","source":"Natural Earth 1:10m ports"},"geometry":{"type":"Point","coordinates":[12.19022379,-5.55]}},{"type":"Feature","id":"port-1730087841","properties":{"id":"port-1730087841","name":"Soyo","scalerank":7,"isMajor":false,"provinceId":"AGO-1882","provinceName":"Zaire","countryIso3":"AGO","countryName":"Angola","source":"Natural Earth 1:10m ports"},"geometry":{"type":"Point","coordinates":[12.32037691,-6.121388889]}},{"type":"Feature","id":"port-1730087843","properties":{"id":"port-1730087843","name":"Durres","scalerank":7,"isMajor":false,"provinceId":"ALB-1494","provinceName":"Durrës","countryIso3":"ALB","countryName":"Albania","source":"Natural Earth 1:10m ports"},"geometry":{"type":"Point","coordinates":[19.45300353,41.30777778]}},{"type":"Feature","id":"port-1730087845","properties":{"id":"port-1730087845","name":"Curacao","scalerank":7,"isMajor":false,"provinceId":"CUW-5151","provinceName":"Curaçao","countryIso3":"CUW","countryName":"Curaçao","source":"Natural Earth 1:10m ports"},"geometry":{"type":"Point","coordinates":[-68.91825677,12.11916667]}},{"type":"Feature","id":"port-1730087849","properties":{"id":"port-1730087849","name":"Al Fujayrah","scalerank":7,"isMajor":false,"provinceId":"ARE-341","provinceName":"Fujayrah","countryIso3":"ARE","countryName":"United Arab Emirates","source":"Natural Earth 1:10m ports"},"geometry":{"type":"Point","coordinates":[56.3565371,25.17833333]}},{"type":"Feature","id":"port-1730087851","properties":{"id":"port-1730087851","name":"Caleta Olivia","scalerank":7,"isMajor":false,"provinceId":"ARG-1271","provinceName":"Santa Cruz","countryIso3":"ARG","countryName":"Argentina","source":"Natural Earth 1:10m ports"},"geometry":{"type":"Point","coordinates":[-67.50848057,-46.43305556]}},{"type":"Feature","id":"port-1730087853","properties":{"id":"port-1730087853","name":"Puerto Deseado","scalerank":7,"isMajor":false,"provinceId":"ARG-1271","provinceName":"Santa Cruz","countryIso3":"ARG","countryName":"Argentina","source":"Natural Earth 1:10m ports"},"geometry":{"type":"Point","coordinates":[-65.9040636,-47.75555556]}},{"type":"Feature","id":"port-1730087855","properties":{"id":"port-1730087855","name":"Rio Gallegos","scalerank":7,"isMajor":false,"provinceId":"ARG-1271","provinceName":"Santa Cruz","countryIso3":"ARG","countryName":"Argentina","source":"Natural Earth 1:10m ports"},"geometry":{"type":"Point","coordinates":[-69.21825677,-51.61166667]}},{"type":"Feature","id":"port-1730087857","properties":{"id":"port-1730087857","name":"Rio Grande","scalerank":7,"isMajor":false,"provinceId":"ARG-1272","provinceName":"Tierra del Fuego","countryIso3":"ARG","countryName":"Argentina","source":"Natural Earth 1:10m ports"},"geometry":{"type":"Point","coordinates":[-67.7024735,-53.79444444]}},{"type":"Feature","id":"port-1730087859","properties":{"id":"port-1730087859","name":"San Julian","scalerank":7,"isMajor":false,"provinceId":"ARG-1271","provinceName":"Santa Cruz","countryIso3":"ARG","countryName":"Argentina","source":"Natural Earth 1:10m ports"},"geometry":{"type":"Point","coordinates":[-67.71896349,-49.29972222]}},{"type":"Feature","id":"port-1730087861","properties":{"id":"port-1730087861","name":"Coffs Harbour","scalerank":7,"isMajor":false,"provinceId":"AUS-2654","provinceName":"New South Wales","countryIso3":"AUS","countryName":"Australia","source":"Natural Earth 1:10m ports"},"geometry":{"type":"Point","coordinates":[153.1414605,-30.3075]}},{"type":"Feature","id":"port-1730087863","properties":{"id":"port-1730087863","name":"Esperance","scalerank":7,"isMajor":false,"provinceId":"AUS-2651","provinceName":"Western Australia","countryIso3":"AUS","countryName":"Australia","source":"Natural Earth 1:10m ports"},"geometry":{"type":"Point","coordinates":[121.893404,-33.87194444]}},{"type":"Feature","id":"port-1730087867","properties":{"id":"port-1730087867","name":"Port Augusta","scalerank":7,"isMajor":false,"provinceId":"AUS-2655","provinceName":"South Australia","countryIso3":"AUS","countryName":"Australia","source":"Natural Earth 1:10m ports"},"geometry":{"type":"Point","coordinates":[137.7567138,-32.48861111]}},{"type":"Feature","id":"port-1730087869","properties":{"id":"port-1730087869","name":"Bowen","scalerank":7,"isMajor":false,"provinceId":"AUS-2657","provinceName":"Queensland","countryIso3":"AUS","countryName":"Australia","source":"Natural Earth 1:10m ports"},"geometry":{"type":"Point","coordinates":[148.25053,-20.02083333]}},{"type":"Feature","id":"port-1730087871","properties":{"id":"port-1730087871","name":"Bundaberg","scalerank":7,"isMajor":false,"provinceId":"AUS-2657","provinceName":"Queensland","countryIso3":"AUS","countryName":"Australia","source":"Natural Earth 1:10m ports"},"geometry":{"type":"Point","coordinates":[152.388457,-24.76722222]}},{"type":"Feature","id":"port-1730087873","properties":{"id":"port-1730087873","name":"Burketown","scalerank":7,"isMajor":false,"provinceId":"AUS-2657","provinceName":"Queensland","countryIso3":"AUS","countryName":"Australia","source":"Natural Earth 1:10m ports"},"geometry":{"type":"Point","coordinates":[139.737927,-17.55361111]}},{"type":"Feature","id":"port-1730087875","properties":{"id":"port-1730087875","name":"Carnarvon","scalerank":7,"isMajor":false,"provinceId":"AUS-2651","provinceName":"Western Australia","countryIso3":"AUS","countryName":"Australia","source":"Natural Earth 1:10m ports"},"geometry":{"type":"Point","coordinates":[113.642874,-24.895]}},{"type":"Feature","id":"port-1730087877","properties":{"id":"port-1730087877","name":"Cooktown","scalerank":7,"isMajor":false,"provinceId":"AUS-2657","provinceName":"Queensland","countryIso3":"AUS","countryName":"Australia","source":"Natural Earth 1:10m ports"},"geometry":{"type":"Point","coordinates":[145.2437574,-15.45972222]}},{"type":"Feature","id":"port-1730087879","properties":{"id":"port-1730087879","name":"Derby","scalerank":7,"isMajor":false,"provinceId":"AUS-2651","provinceName":"Western Australia","countryIso3":"AUS","countryName":"Australia","source":"Natural Earth 1:10m ports"},"geometry":{"type":"Point","coordinates":[123.6051237,-17.29222222]}},{"type":"Feature","id":"port-1730087881","properties":{"id":"port-1730087881","name":"Eden","scalerank":7,"isMajor":false,"provinceId":"AUS-2654","provinceName":"New South Wales","countryIso3":"AUS","countryName":"Australia","source":"Natural Earth 1:10m ports"},"geometry":{"type":"Point","coordinates":[149.9053004,-37.07194444]}},{"type":"Feature","id":"port-1730087885","properties":{"id":"port-1730087885","name":"George Town","scalerank":7,"isMajor":false,"provinceId":"AUS-2660","provinceName":"Tasmania","countryIso3":"AUS","countryName":"Australia","source":"Natural Earth 1:10m ports"},"geometry":{"type":"Point","coordinates":[146.8202002,-41.10972222]}},{"type":"Feature","id":"port-1730087887","properties":{"id":"port-1730087887","name":"Geraldton","scalerank":7,"isMajor":false,"provinceId":"AUS-2651","provinceName":"Western Australia","countryIso3":"AUS","countryName":"Australia","source":"Natural Earth 1:10m ports"},"geometry":{"type":"Point","coordinates":[114.6007067,-28.77277778]}},{"type":"Feature","id":"port-1730087889","properties":{"id":"port-1730087889","name":"Karumba","scalerank":7,"isMajor":false,"provinceId":"AUS-2657","provinceName":"Queensland","countryIso3":"AUS","countryName":"Australia","source":"Natural Earth 1:10m ports"},"geometry":{"type":"Point","coordinates":[140.8333333,-17.48944444]}},{"type":"Feature","id":"port-1730087891","properties":{"id":"port-1730087891","name":"Kingscote","scalerank":7,"isMajor":false,"provinceId":"AUS-2655","provinceName":"South Australia","countryIso3":"AUS","countryName":"Australia","source":"Natural Earth 1:10m ports"},"geometry":{"type":"Point","coordinates":[137.6395171,-35.655]}},{"type":"Feature","id":"port-1730087893","properties":{"id":"port-1730087893","name":"Maryborough","scalerank":7,"isMajor":false,"provinceId":"AUS-2657","provinceName":"Queensland","countryIso3":"AUS","countryName":"Australia","source":"Natural Earth 1:10m ports"},"geometry":{"type":"Point","coordinates":[152.9060071,-25.295]}},{"type":"Feature","id":"port-1730087895","properties":{"id":"port-1730087895","name":"Strahan","scalerank":7,"isMajor":false,"provinceId":"AUS-2660","provinceName":"Tasmania","countryIso3":"AUS","countryName":"Australia","source":"Natural Earth 1:10m ports"},"geometry":{"type":"Point","coordinates":[145.3205536,-42.15833333]}},{"type":"Feature","id":"port-1730087897","properties":{"id":"port-1730087897","name":"Mongla","scalerank":7,"isMajor":false,"provinceId":"BGD-2432","provinceName":"Khulna","countryIso3":"BGD","countryName":"Bangladesh","source":"Natural Earth 1:10m ports"},"geometry":{"type":"Point","coordinates":[89.58598351,22.48694444]}},{"type":"Feature","id":"port-1730087899","properties":{"id":"port-1730087899","name":"Aracaju","scalerank":7,"isMajor":false,"provinceId":"BRA-629","provinceName":"Sergipe","countryIso3":"BRA","countryName":"Brazil","source":"Natural Earth 1:10m ports"},"geometry":{"type":"Point","coordinates":[-37.03951708,-10.92527778]}},{"type":"Feature","id":"port-1730087903","properties":{"id":"port-1730087903","name":"Fortaleza","scalerank":7,"isMajor":false,"provinceId":"BRA-621","provinceName":"Ceará","countryIso3":"BRA","countryName":"Brazil","source":"Natural Earth 1:10m ports"},"geometry":{"type":"Point","coordinates":[-38.52143698,-3.7175]}},{"type":"Feature","id":"port-1730087905","properties":{"id":"port-1730087905","name":"Macapa","scalerank":7,"isMajor":false,"provinceId":"BRA-681","provinceName":"Amapá","countryIso3":"BRA","countryName":"Brazil","source":"Natural Earth 1:10m ports"},"geometry":{"type":"Point","coordinates":[-51.04269729,0.032222222]}},{"type":"Feature","id":"port-1730087907","properties":{"id":"port-1730087907","name":"Navegantes","scalerank":7,"isMajor":false,"provinceId":"BRA-614","provinceName":"Santa Catarina","countryIso3":"BRA","countryName":"Brazil","source":"Natural Earth 1:10m ports"},"geometry":{"type":"Point","coordinates":[-48.65424028,-26.89888889]}},{"type":"Feature","id":"port-1730087909","properties":{"id":"port-1730087909","name":"Pelotas","scalerank":7,"isMajor":false,"provinceId":"BRA-612","provinceName":"Rio Grande do Sul","countryIso3":"BRA","countryName":"Brazil","source":"Natural Earth 1:10m ports"},"geometry":{"type":"Point","coordinates":[-52.3237338,-31.78194444]}},{"type":"Feature","id":"port-1730087911","properties":{"id":"port-1730087911","name":"Campbell River","scalerank":7,"isMajor":false,"provinceId":"CAN-633","provinceName":"British Columbia","countryIso3":"CAN","countryName":"Canada","source":"Natural Earth 1:10m ports"},"geometry":{"type":"Point","coordinates":[-125.2386337,50.03194444]}},{"type":"Feature","id":"port-1730087913","properties":{"id":"port-1730087913","name":"Goose Bay","scalerank":7,"isMajor":false,"provinceId":"CAN-686","provinceName":"Newfoundland and Labrador","countryIso3":"CAN","countryName":"Canada","source":"Natural Earth 1:10m ports"},"geometry":{"type":"Point","coordinates":[-60.34234393,53.38444444]}},{"type":"Feature","id":"port-1730087915","properties":{"id":"port-1730087915","name":"Masset","scalerank":7,"isMajor":false,"provinceId":"CAN-633","provinceName":"British Columbia","countryIso3":"CAN","countryName":"Canada","source":"Natural Earth 1:10m ports"},"geometry":{"type":"Point","coordinates":[-132.1411072,54.00666667]}},{"type":"Feature","id":"port-1730087917","properties":{"id":"port-1730087917","name":"Matane","scalerank":7,"isMajor":false,"provinceId":"CAN-683","provinceName":"Québec","countryIso3":"CAN","countryName":"Canada","source":"Natural Earth 1:10m ports"},"geometry":{"type":"Point","coordinates":[-67.57126031,48.84194444]}},{"type":"Feature","id":"port-1730087921","properties":{"id":"port-1730087921","name":"Nanisivik","scalerank":7,"isMajor":false,"provinceId":"CAN-634","provinceName":"Nunavut","countryIso3":"CAN","countryName":"Canada","source":"Natural Earth 1:10m ports"},"geometry":{"type":"Point","coordinates":[-84.54305065,73.06861111]}},{"type":"Feature","id":"port-1730087923","properties":{"id":"port-1730087923","name":"New Richmond","scalerank":7,"isMajor":false,"provinceId":"CAN-683","provinceName":"Québec","countryIso3":"CAN","countryName":"Canada","source":"Natural Earth 1:10m ports"},"geometry":{"type":"Point","coordinates":[-65.83492344,48.13861111]}},{"type":"Feature","id":"port-1730087925","properties":{"id":"port-1730087925","name":"Port Hardy","scalerank":7,"isMajor":false,"provinceId":"CAN-633","provinceName":"British Columbia","countryIso3":"CAN","countryName":"Canada","source":"Natural Earth 1:10m ports"},"geometry":{"type":"Point","coordinates":[-127.4836867,50.72111111]}},{"type":"Feature","id":"port-1730087927","properties":{"id":"port-1730087927","name":"Port Hawkesbury","scalerank":7,"isMajor":false,"provinceId":"CAN-685","provinceName":"Nova Scotia","countryIso3":"CAN","countryName":"Canada","source":"Natural Earth 1:10m ports"},"geometry":{"type":"Point","coordinates":[-61.35565371,45.61]}},{"type":"Feature","id":"port-1730087929","properties":{"id":"port-1730087929","name":"Squamish","scalerank":7,"isMajor":false,"provinceId":"CAN-633","provinceName":"British Columbia","countryIso3":"CAN","countryName":"Canada","source":"Natural Earth 1:10m ports"},"geometry":{"type":"Point","coordinates":[-123.1666667,49.68305556]}},{"type":"Feature","id":"port-1730087931","properties":{"id":"port-1730087931","name":"Stephenville","scalerank":7,"isMajor":false,"provinceId":"CAN-686","provinceName":"Newfoundland and Labrador","countryIso3":"CAN","countryName":"Canada","source":"Natural Earth 1:10m ports"},"geometry":{"type":"Point","coordinates":[-58.54075383,48.53527778]}},{"type":"Feature","id":"port-1730087933","properties":{"id":"port-1730087933","name":"Stewart","scalerank":7,"isMajor":false,"provinceId":"CAN-633","provinceName":"British Columbia","countryIso3":"CAN","countryName":"Canada","source":"Natural Earth 1:10m ports"},"geometry":{"type":"Point","coordinates":[-129.9895171,55.92861111]}},{"type":"Feature","id":"port-1730087935","properties":{"id":"port-1730087935","name":"Tahsis","scalerank":7,"isMajor":false,"provinceId":"CAN-633","provinceName":"British Columbia","countryIso3":"CAN","countryName":"Canada","source":"Natural Earth 1:10m ports"},"geometry":{"type":"Point","coordinates":[-126.6540636,49.9175]}},{"type":"Feature","id":"port-1730087939","properties":{"id":"port-1730087939","name":"Sandspit","scalerank":7,"isMajor":false,"provinceId":"CAN-633","provinceName":"British Columbia","countryIso3":"CAN","countryName":"Canada","source":"Natural Earth 1:10m ports"},"geometry":{"type":"Point","coordinates":[-131.8196702,53.25527778]}},{"type":"Feature","id":"port-1730087941","properties":{"id":"port-1730087941","name":"Tuktoyaktuk","scalerank":7,"isMajor":false,"provinceId":"CAN-635","provinceName":"Northwest Territories","countryIso3":"CAN","countryName":"Canada","source":"Natural Earth 1:10m ports"},"geometry":{"type":"Point","coordinates":[-132.9858068,69.43138889]}},{"type":"Feature","id":"port-1730087943","properties":{"id":"port-1730087943","name":"Ancud","scalerank":7,"isMajor":false,"provinceId":"CHL-2704","provinceName":"Los Lagos","countryIso3":"CHL","countryName":"Chile","source":"Natural Earth 1:10m ports"},"geometry":{"type":"Point","coordinates":[-73.82567727,-41.86861111]}},{"type":"Feature","id":"port-1730087945","properties":{"id":"port-1730087945","name":"Castro","scalerank":7,"isMajor":false,"provinceId":"CHL-2704","provinceName":"Los Lagos","countryIso3":"CHL","countryName":"Chile","source":"Natural Earth 1:10m ports"},"geometry":{"type":"Point","coordinates":[-73.76684335,-42.48277778]}},{"type":"Feature","id":"port-1730087947","properties":{"id":"port-1730087947","name":"Chanaral","scalerank":7,"isMajor":false,"provinceId":"CHL-2696","provinceName":"Atacama","countryIso3":"CHL","countryName":"Chile","source":"Natural Earth 1:10m ports"},"geometry":{"type":"Point","coordinates":[-70.6343934,-26.35055556]}},{"type":"Feature","id":"port-1730087949","properties":{"id":"port-1730087949","name":"Puerto Natales","scalerank":7,"isMajor":false,"provinceId":"CHL-2692","provinceName":"Magallanes y Antártica Chilena","countryIso3":"CHL","countryName":"Chile","source":"Natural Earth 1:10m ports"},"geometry":{"type":"Point","coordinates":[-72.50936396,-51.73111111]}},{"type":"Feature","id":"port-1730087951","properties":{"id":"port-1730087951","name":"Taltal","scalerank":7,"isMajor":false,"provinceId":"CHL-2695","provinceName":"Antofagasta","countryIso3":"CHL","countryName":"Chile","source":"Natural Earth 1:10m ports"},"geometry":{"type":"Point","coordinates":[-70.48457008,-25.39722222]}},{"type":"Feature","id":"port-1730087953","properties":{"id":"port-1730087953","name":"Guangzhou","scalerank":7,"isMajor":false,"provinceId":"CHN-1180","provinceName":"Guangdong","countryIso3":"CHN","countryName":"China","source":"Natural Earth 1:10m ports"},"geometry":{"type":"Point","coordinates":[113.6710836,22.64027778]}},{"type":"Feature","id":"port-1730087957","properties":{"id":"port-1730087957","name":"Jiangyin","scalerank":7,"isMajor":false,"provinceId":"CHN-1818","provinceName":"Jiangsu","countryIso3":"CHN","countryName":"China","source":"Natural Earth 1:10m ports"},"geometry":{"type":"Point","coordinates":[120.2212603,31.93194444]}},{"type":"Feature","id":"port-1730087959","properties":{"id":"port-1730087959","name":"Lianyungang","scalerank":7,"isMajor":false,"provinceId":"CHN-1818","provinceName":"Jiangsu","countryIso3":"CHN","countryName":"China","source":"Natural Earth 1:10m ports"},"geometry":{"type":"Point","coordinates":[119.4084806,34.74527778]}},{"type":"Feature","id":"port-1730087961","properties":{"id":"port-1730087961","name":"Sanya","scalerank":7,"isMajor":false,"provinceId":"CHN-1775","provinceName":"Hainan","countryIso3":"CHN","countryName":"China","source":"Natural Earth 1:10m ports"},"geometry":{"type":"Point","coordinates":[109.50053,18.23972222]}},{"type":"Feature","id":"port-1730087963","properties":{"id":"port-1730087963","name":"Zhanjiang","scalerank":7,"isMajor":false,"provinceId":"CHN-1180","provinceName":"Guangdong","countryIso3":"CHN","countryName":"China","source":"Natural Earth 1:10m ports"},"geometry":{"type":"Point","coordinates":[110.4063604,21.16972222]}},{"type":"Feature","id":"port-1730087965","properties":{"id":"port-1730087965","name":"Zhoushan","scalerank":7,"isMajor":false,"provinceId":"CHN-1820","provinceName":"Zhejiang","countryIso3":"CHN","countryName":"China","source":"Natural Earth 1:10m ports"},"geometry":{"type":"Point","coordinates":[122.1026502,30.00333333]}},{"type":"Feature","id":"port-1730087967","properties":{"id":"port-1730087967","name":"San-Pedro","scalerank":7,"isMajor":false,"provinceId":"CIV-3448","provinceName":"Bas-Sassandra","countryIso3":"CIV","countryName":"Ivory Coast","source":"Natural Earth 1:10m ports"},"geometry":{"type":"Point","coordinates":[-6.617020024,4.743055556]}},{"type":"Feature","id":"port-1730087969","properties":{"id":"port-1730087969","name":"Cartagena","scalerank":7,"isMajor":false,"provinceId":"COL-1413","provinceName":"Bolívar","countryIso3":"COL","countryName":"Colombia","source":"Natural Earth 1:10m ports"},"geometry":{"type":"Point","coordinates":[-75.52567727,10.40333333]}},{"type":"Feature","id":"port-1730087971","properties":{"id":"port-1730087971","name":"Tolu","scalerank":7,"isMajor":false,"provinceId":"COL-1417","provinceName":"Sucre","countryIso3":"COL","countryName":"Colombia","source":"Natural Earth 1:10m ports"},"geometry":{"type":"Point","coordinates":[-75.5852768,9.520277778]}},{"type":"Feature","id":"port-1730087975","properties":{"id":"port-1730087975","name":"Tumaco","scalerank":7,"isMajor":false,"provinceId":"COL-1406","provinceName":"Nariño","countryIso3":"COL","countryName":"Colombia","source":"Natural Earth 1:10m ports"},"geometry":{"type":"Point","coordinates":[-78.75954064,1.813055556]}},{"type":"Feature","id":"port-1730087977","properties":{"id":"port-1730087977","name":"Turbo","scalerank":7,"isMajor":false,"provinceId":"COL-1314","provinceName":"Antioquia","countryIso3":"COL","countryName":"Colombia","source":"Natural Earth 1:10m ports"},"geometry":{"type":"Point","coordinates":[-76.73386337,8.087777778]}},{"type":"Feature","id":"port-1730087979","properties":{"id":"port-1730087979","name":"Baracoa","scalerank":7,"isMajor":false,"provinceId":"CUB-1365","provinceName":"Guantánamo","countryIso3":"CUB","countryName":"Cuba","source":"Natural Earth 1:10m ports"},"geometry":{"type":"Point","coordinates":[-74.50229682,20.35305556]}},{"type":"Feature","id":"port-1730087981","properties":{"id":"port-1730087981","name":"Nicaro","scalerank":7,"isMajor":false,"provinceId":"CUB-1367","provinceName":"Holguín","countryIso3":"CUB","countryName":"Cuba","source":"Natural Earth 1:10m ports"},"geometry":{"type":"Point","coordinates":[-75.55088339,20.71333333]}},{"type":"Feature","id":"port-1730087983","properties":{"id":"port-1730087983","name":"Nueva Gerona","scalerank":7,"isMajor":false,"provinceId":"CUB-1320","provinceName":"Isla de la Juventud","countryIso3":"CUB","countryName":"Cuba","source":"Natural Earth 1:10m ports"},"geometry":{"type":"Point","coordinates":[-82.79322733,21.90333333]}},{"type":"Feature","id":"port-1730087985","properties":{"id":"port-1730087985","name":"Helgoland","scalerank":7,"isMajor":false,"provinceId":"DEU-1579","provinceName":"Schleswig-Holstein","countryIso3":"DEU","countryName":"Germany","source":"Natural Earth 1:10m ports"},"geometry":{"type":"Point","coordinates":[7.891283863,54.1775]}},{"type":"Feature","id":"port-1730087987","properties":{"id":"port-1730087987","name":"Travemunde","scalerank":7,"isMajor":false,"provinceId":"DEU-1579","provinceName":"Schleswig-Holstein","countryIso3":"DEU","countryName":"Germany","source":"Natural Earth 1:10m ports"},"geometry":{"type":"Point","coordinates":[10.86825677,53.95222222]}},{"type":"Feature","id":"port-1730087989","properties":{"id":"port-1730087989","name":"Thisted","scalerank":7,"isMajor":false,"provinceId":"DNK-3418","provinceName":"Nordjylland","countryIso3":"DNK","countryName":"Denmark","source":"Natural Earth 1:10m ports"},"geometry":{"type":"Point","coordinates":[8.692167256,56.95277778]}},{"type":"Feature","id":"port-1730087993","properties":{"id":"port-1730087993","name":"Manta","scalerank":7,"isMajor":false,"provinceId":"ECU-1282","provinceName":"Manabi","countryIso3":"ECU","countryName":"Ecuador","source":"Natural Earth 1:10m ports"},"geometry":{"type":"Point","coordinates":[-80.72090695,-0.935555556]}},{"type":"Feature","id":"port-1730087995","properties":{"id":"port-1730087995","name":"Esmeraldas","scalerank":7,"isMajor":false,"provinceId":"ECU-1335","provinceName":"Esmeraldas","countryIso3":"ECU","countryName":"Ecuador","source":"Natural Earth 1:10m ports"},"geometry":{"type":"Point","coordinates":[-79.64269729,0.989444444]}},{"type":"Feature","id":"port-1730087997","properties":{"id":"port-1730087997","name":"Corralejo","scalerank":7,"isMajor":false,"provinceId":"ESP-5829","provinceName":"Las Palmas","countryIso3":"ESP","countryName":"Spain","source":"Natural Earth 1:10m ports"},"geometry":{"type":"Point","coordinates":[-13.85883392,28.74138889]}},{"type":"Feature","id":"port-1730087999","properties":{"id":"port-1730087999","name":"Ceuta","scalerank":7,"isMajor":false,"provinceId":"ESP-5815","provinceName":"Ceuta","countryIso3":"ESP","countryName":"Spain","source":"Natural Earth 1:10m ports"},"geometry":{"type":"Point","coordinates":[-5.310424028,35.89027778]}},{"type":"Feature","id":"port-1730088001","properties":{"id":"port-1730088001","name":"Melilla","scalerank":7,"isMajor":false,"provinceId":"ESP-5835","provinceName":"Melilla","countryIso3":"ESP","countryName":"Spain","source":"Natural Earth 1:10m ports"},"geometry":{"type":"Point","coordinates":[-2.922850412,35.28]}},{"type":"Feature","id":"port-1730088003","properties":{"id":"port-1730088003","name":"San Sebastian de la Gomera","scalerank":7,"isMajor":false,"provinceId":"ESP-5842","provinceName":"Santa Cruz de Tenerife","countryIso3":"ESP","countryName":"Spain","source":"Natural Earth 1:10m ports"},"geometry":{"type":"Point","coordinates":[-17.10512367,28.08805556]}},{"type":"Feature","id":"port-1730088005","properties":{"id":"port-1730088005","name":"Santa Cruz de La Palma","scalerank":7,"isMajor":false,"provinceId":"ESP-5842","provinceName":"Santa Cruz de Tenerife","countryIso3":"ESP","countryName":"Spain","source":"Natural Earth 1:10m ports"},"geometry":{"type":"Point","coordinates":[-17.76666667,28.67583333]}},{"type":"Feature","id":"port-1730088007","properties":{"id":"port-1730088007","name":"Parnu","scalerank":7,"isMajor":false,"provinceId":"EST-2346","provinceName":"Pärnu","countryIso3":"EST","countryName":"Estonia","source":"Natural Earth 1:10m ports"},"geometry":{"type":"Point","coordinates":[24.4746172,58.38111111]}},{"type":"Feature","id":"port-1730088011","properties":{"id":"port-1730088011","name":"Kuopio","scalerank":7,"isMajor":false,"provinceId":"FIN-3178","provinceName":"Northern Savonia","countryIso3":"FIN","countryName":"Finland","source":"Natural Earth 1:10m ports"},"geometry":{"type":"Point","coordinates":[27.68987044,62.88833333]}},{"type":"Feature","id":"port-1730088013","properties":{"id":"port-1730088013","name":"Joensuu","scalerank":7,"isMajor":false,"provinceId":"FIN-3190","provinceName":"North Karelia","countryIso3":"FIN","countryName":"Finland","source":"Natural Earth 1:10m ports"},"geometry":{"type":"Point","coordinates":[29.77709069,62.60444444]}},{"type":"Feature","id":"port-1730088015","properties":{"id":"port-1730088015","name":"Varkaus","scalerank":7,"isMajor":false,"provinceId":"FIN-3178","provinceName":"Northern Savonia","countryIso3":"FIN","countryName":"Finland","source":"Natural Earth 1:10m ports"},"geometry":{"type":"Point","coordinates":[27.87479388,62.3125]}},{"type":"Feature","id":"port-1730088017","properties":{"id":"port-1730088017","name":"Savusavu","scalerank":7,"isMajor":false,"provinceId":"FJI-2619","provinceName":"Northern","countryIso3":"FJI","countryName":"Fiji","source":"Natural Earth 1:10m ports"},"geometry":{"type":"Point","coordinates":[179.309364,-16.81777778]}},{"type":"Feature","id":"port-1730088019","properties":{"id":"port-1730088019","name":"Cherbourg","scalerank":7,"isMajor":false,"provinceId":"FRA-5322","provinceName":"Manche","countryIso3":"FRA","countryName":"France","source":"Natural Earth 1:10m ports"},"geometry":{"type":"Point","coordinates":[-1.620376914,49.64638889]}},{"type":"Feature","id":"port-1730088021","properties":{"id":"port-1730088021","name":"Caen","scalerank":7,"isMajor":false,"provinceId":"FRA-5275","provinceName":"Calvados","countryIso3":"FRA","countryName":"France","source":"Natural Earth 1:10m ports"},"geometry":{"type":"Point","coordinates":[-0.326383981,49.19055556]}},{"type":"Feature","id":"port-1730088023","properties":{"id":"port-1730088023","name":"Calvi","scalerank":7,"isMajor":false,"provinceId":"FRA-5297","provinceName":"Haute-Corse","countryIso3":"FRA","countryName":"France","source":"Natural Earth 1:10m ports"},"geometry":{"type":"Point","coordinates":[8.755300353,42.56583333]}},{"type":"Feature","id":"port-1730088025","properties":{"id":"port-1730088025","name":"Propriano","scalerank":7,"isMajor":false,"provinceId":"FRA-5281","provinceName":"Corse-du-Sud","countryIso3":"FRA","countryName":"France","source":"Natural Earth 1:10m ports"},"geometry":{"type":"Point","coordinates":[8.900353357,41.67694444]}},{"type":"Feature","id":"port-1730088029","properties":{"id":"port-1730088029","name":"Quimper","scalerank":7,"isMajor":false,"provinceId":"FRA-5292","provinceName":"Finistère","countryIso3":"FRA","countryName":"France","source":"Natural Earth 1:10m ports"},"geometry":{"type":"Point","coordinates":[-4.108127208,47.98944444]}},{"type":"Feature","id":"port-1730088031","properties":{"id":"port-1730088031","name":"Vannes","scalerank":7,"isMajor":false,"provinceId":"FRA-5327","provinceName":"Morbihan","countryIso3":"FRA","countryName":"France","source":"Natural Earth 1:10m ports"},"geometry":{"type":"Point","coordinates":[-2.756360424,47.64388889]}},{"type":"Feature","id":"port-1730088033","properties":{"id":"port-1730088033","name":"Yap","scalerank":7,"isMajor":false,"provinceId":"FSM-4943","provinceName":"Yap","countryIso3":"FSM","countryName":"Federated States of Micronesia","source":"Natural Earth 1:10m ports"},"geometry":{"type":"Point","coordinates":[138.1194935,9.513333333]}},{"type":"Feature","id":"port-1730088035","properties":{"id":"port-1730088035","name":"Bristol","scalerank":7,"isMajor":false,"provinceId":"GBR-2044","provinceName":"Bristol","countryIso3":"GBR","countryName":"United Kingdom","source":"Natural Earth 1:10m ports"},"geometry":{"type":"Point","coordinates":[-2.707773852,51.49888889]}},{"type":"Feature","id":"port-1730088037","properties":{"id":"port-1730088037","name":"Hull","scalerank":7,"isMajor":false,"provinceId":"GBR-2124","provinceName":"East Riding of Yorkshire","countryIso3":"GBR","countryName":"United Kingdom","source":"Natural Earth 1:10m ports"},"geometry":{"type":"Point","coordinates":[-0.285100118,53.74361111]}},{"type":"Feature","id":"port-1730088039","properties":{"id":"port-1730088039","name":"Newcastle upon Tyne","scalerank":7,"isMajor":false,"provinceId":"GBR-5661","provinceName":"Newcastle upon Tyne","countryIso3":"GBR","countryName":"United Kingdom","source":"Natural Earth 1:10m ports"},"geometry":{"type":"Point","coordinates":[-1.590930506,54.965]}},{"type":"Feature","id":"port-1730088041","properties":{"id":"port-1730088041","name":"Tyne","scalerank":7,"isMajor":false,"provinceId":"GBR-5662","provinceName":"North Tyneside","countryIso3":"GBR","countryName":"United Kingdom","source":"Natural Earth 1:10m ports"},"geometry":{"type":"Point","coordinates":[-1.440930506,54.99444444]}},{"type":"Feature","id":"port-1730088043","properties":{"id":"port-1730088043","name":"Rochester","scalerank":7,"isMajor":false,"provinceId":"GBR-2678","provinceName":"Medway","countryIso3":"GBR","countryName":"United Kingdom","source":"Natural Earth 1:10m ports"},"geometry":{"type":"Point","coordinates":[0.685806832,51.43472222]}},{"type":"Feature","id":"port-1730088047","properties":{"id":"port-1730088047","name":"Tema","scalerank":7,"isMajor":false,"provinceId":"GHA-2172","provinceName":"Greater Accra","countryIso3":"GHA","countryName":"Ghana","source":"Natural Earth 1:10m ports"},"geometry":{"type":"Point","coordinates":[0.007420495,5.631944444]}},{"type":"Feature","id":"port-1730088049","properties":{"id":"port-1730088049","name":"Alexandroupolis","scalerank":7,"isMajor":false,"provinceId":"GRC-3001","provinceName":"Anatoliki Makedonia kai Thraki","countryIso3":"GRC","countryName":"Greece","source":"Natural Earth 1:10m ports"},"geometry":{"type":"Point","coordinates":[25.88916372,40.84138889]}},{"type":"Feature","id":"port-1730088051","properties":{"id":"port-1730088051","name":"Kos","scalerank":7,"isMajor":false,"provinceId":"GRC-3013","provinceName":"Notio Aigaio","countryIso3":"GRC","countryName":"Greece","source":"Natural Earth 1:10m ports"},"geometry":{"type":"Point","coordinates":[27.28987044,36.89444444]}},{"type":"Feature","id":"port-1730088053","properties":{"id":"port-1730088053","name":"Paros","scalerank":7,"isMajor":false,"provinceId":"GRC-3013","provinceName":"Notio Aigaio","countryIso3":"GRC","countryName":"Greece","source":"Natural Earth 1:10m ports"},"geometry":{"type":"Point","coordinates":[25.15070671,37.08777778]}},{"type":"Feature","id":"port-1730088055","properties":{"id":"port-1730088055","name":"Samos","scalerank":7,"isMajor":false,"provinceId":"GRC-2988","provinceName":"Voreio Aigaio","countryIso3":"GRC","countryName":"Greece","source":"Natural Earth 1:10m ports"},"geometry":{"type":"Point","coordinates":[26.96666667,37.75444444]}},{"type":"Feature","id":"port-1730088057","properties":{"id":"port-1730088057","name":"Nanortalik","scalerank":7,"isMajor":false,"provinceId":"GRL-2740","provinceName":"Kommune Kujalleq","countryIso3":"GRL","countryName":"Greenland","source":"Natural Earth 1:10m ports"},"geometry":{"type":"Point","coordinates":[-45.23810365,60.13972222]}},{"type":"Feature","id":"port-1730088059","properties":{"id":"port-1730088059","name":"Qaanaaq","scalerank":7,"isMajor":false,"provinceId":"GRL-2743","provinceName":"Qaasuitsup Kommunia","countryIso3":"GRL","countryName":"Greenland","source":"Natural Earth 1:10m ports"},"geometry":{"type":"Point","coordinates":[-69.23510012,77.46694444]}},{"type":"Feature","id":"port-1730088061","properties":{"id":"port-1730088061","name":"New Amsterdam","scalerank":7,"isMajor":false,"provinceId":"GUY-671","provinceName":"Mahaica-Berbice","countryIso3":"GUY","countryName":"Guyana","source":"Natural Earth 1:10m ports"},"geometry":{"type":"Point","coordinates":[-57.52179034,6.237777778]}},{"type":"Feature","id":"port-1730088065","properties":{"id":"port-1730088065","name":"La Ceiba","scalerank":7,"isMajor":false,"provinceId":"HND-637","provinceName":"Atlántida","countryIso3":"HND","countryName":"Honduras","source":"Natural Earth 1:10m ports"},"geometry":{"type":"Point","coordinates":[-86.75689046,15.79388889]}},{"type":"Feature","id":"port-1730088067","properties":{"id":"port-1730088067","name":"Tela","scalerank":7,"isMajor":false,"provinceId":"HND-637","provinceName":"Atlántida","countryIso3":"HND","countryName":"Honduras","source":"Natural Earth 1:10m ports"},"geometry":{"type":"Point","coordinates":[-87.45583039,15.78388889]}},{"type":"Feature","id":"port-1730088069","properties":{"id":"port-1730088069","name":"Mali Losinj","scalerank":7,"isMajor":false,"provinceId":"HRV-1586","provinceName":"Primorsko-Goranska","countryIso3":"HRV","countryName":"Croatia","source":"Natural Earth 1:10m ports"},"geometry":{"type":"Point","coordinates":[14.45759717,44.53833333]}},{"type":"Feature","id":"port-1730088071","properties":{"id":"port-1730088071","name":"Jacmel","scalerank":7,"isMajor":false,"provinceId":"HTI-1389","provinceName":"Sud-Est","countryIso3":"HTI","countryName":"Haiti","source":"Natural Earth 1:10m ports"},"geometry":{"type":"Point","coordinates":[-72.53598351,18.23166667]}},{"type":"Feature","id":"port-1730088073","properties":{"id":"port-1730088073","name":"Jeremie","scalerank":7,"isMajor":false,"provinceId":"HTI-1359","provinceName":"Grand'Anse","countryIso3":"HTI","countryName":"Haiti","source":"Natural Earth 1:10m ports"},"geometry":{"type":"Point","coordinates":[-74.10706714,18.64361111]}},{"type":"Feature","id":"port-1730088075","properties":{"id":"port-1730088075","name":"Sorong","scalerank":7,"isMajor":false,"provinceId":"IDN-1933","provinceName":"Papua Barat","countryIso3":"IDN","countryName":"Indonesia","source":"Natural Earth 1:10m ports"},"geometry":{"type":"Point","coordinates":[131.0203769,-1.3075]}},{"type":"Feature","id":"port-1730088077","properties":{"id":"port-1730088077","name":"Lhokseumawe","scalerank":7,"isMajor":false,"provinceId":"IDN-1136","provinceName":"Aceh","countryIso3":"IDN","countryName":"Indonesia","source":"Natural Earth 1:10m ports"},"geometry":{"type":"Point","coordinates":[97.14287397,5.166666667]}},{"type":"Feature","id":"port-1730088079","properties":{"id":"port-1730088079","name":"Nunukan","scalerank":7,"isMajor":false,"provinceId":"IDN-1185","provinceName":"Kalimantan Timur","countryIso3":"IDN","countryName":"Indonesia","source":"Natural Earth 1:10m ports"},"geometry":{"type":"Point","coordinates":[117.654947,4.145555556]}},{"type":"Feature","id":"port-1730088083","properties":{"id":"port-1730088083","name":"Panjang","scalerank":7,"isMajor":false,"provinceId":"IDN-1229","provinceName":"Lampung","countryIso3":"IDN","countryName":"Indonesia","source":"Natural Earth 1:10m ports"},"geometry":{"type":"Point","coordinates":[105.3070671,-5.460277778]}},{"type":"Feature","id":"port-1730088085","properties":{"id":"port-1730088085","name":"Tanjung Priok","scalerank":7,"isMajor":false,"provinceId":"IDN-1227","provinceName":"Jakarta Raya","countryIso3":"IDN","countryName":"Indonesia","source":"Natural Earth 1:10m ports"},"geometry":{"type":"Point","coordinates":[106.8904005,-6.101388889]}},{"type":"Feature","id":"port-1730088087","properties":{"id":"port-1730088087","name":"Mangalore","scalerank":7,"isMajor":false,"provinceId":"IND-2446","provinceName":"Karnataka","countryIso3":"IND","countryName":"India","source":"Natural Earth 1:10m ports"},"geometry":{"type":"Point","coordinates":[74.80742049,12.92694444]}},{"type":"Feature","id":"port-1730088089","properties":{"id":"port-1730088089","name":"Porbandar","scalerank":7,"isMajor":false,"provinceId":"IND-3264","provinceName":"Gujarat","countryIso3":"IND","countryName":"India","source":"Natural Earth 1:10m ports"},"geometry":{"type":"Point","coordinates":[69.58739694,21.63944444]}},{"type":"Feature","id":"port-1730088091","properties":{"id":"port-1730088091","name":"Ratnagiri","scalerank":7,"isMajor":false,"provinceId":"IND-2447","provinceName":"Maharashtra","countryIso3":"IND","countryName":"India","source":"Natural Earth 1:10m ports"},"geometry":{"type":"Point","coordinates":[73.27179034,17.00194444]}},{"type":"Feature","id":"port-1730088093","properties":{"id":"port-1730088093","name":"Bantry","scalerank":7,"isMajor":false,"provinceId":"IRL-78","provinceName":"Cork","countryIso3":"IRL","countryName":"Ireland","source":"Natural Earth 1:10m ports"},"geometry":{"type":"Point","coordinates":[-9.456183746,51.68055556]}},{"type":"Feature","id":"port-1730088095","properties":{"id":"port-1730088095","name":"Wexford","scalerank":7,"isMajor":false,"provinceId":"IRL-718","provinceName":"Wexford","countryIso3":"IRL","countryName":"Ireland","source":"Natural Earth 1:10m ports"},"geometry":{"type":"Point","coordinates":[-6.456183746,52.34111111]}},{"type":"Feature","id":"port-1730088097","properties":{"id":"port-1730088097","name":"Khorramshahr","scalerank":7,"isMajor":false,"provinceId":"IRN-3219","provinceName":"Khuzestan","countryIso3":"IRN","countryName":"Iran","source":"Natural Earth 1:10m ports"},"geometry":{"type":"Point","coordinates":[48.18545347,30.4325]}},{"type":"Feature","id":"port-1730088101","properties":{"id":"port-1730088101","name":"Djupivogur","scalerank":7,"isMajor":false,"provinceId":"ISL-695","provinceName":"Austurland","countryIso3":"ISL","countryName":"Iceland","source":"Natural Earth 1:10m ports"},"geometry":{"type":"Point","coordinates":[-14.28651355,64.66055556]}},{"type":"Feature","id":"port-1730088103","properties":{"id":"port-1730088103","name":"Faskrudsfjordur","scalerank":7,"isMajor":false,"provinceId":"ISL-695","provinceName":"Austurland","countryIso3":"ISL","countryName":"Iceland","source":"Natural Earth 1:10m ports"},"geometry":{"type":"Point","coordinates":[-14.00883392,64.92972222]}},{"type":"Feature","id":"port-1730088105","properties":{"id":"port-1730088105","name":"Raufarhofn","scalerank":7,"isMajor":false,"provinceId":"ISL-702","provinceName":"Norðurland eystra","countryIso3":"ISL","countryName":"Iceland","source":"Natural Earth 1:10m ports"},"geometry":{"type":"Point","coordinates":[-15.94146054,66.45638889]}},{"type":"Feature","id":"port-1730088107","properties":{"id":"port-1730088107","name":"Pantelleria","scalerank":7,"isMajor":false,"provinceId":"ITA-5409","provinceName":"Trapani","countryIso3":"ITA","countryName":"Italy","source":"Natural Earth 1:10m ports"},"geometry":{"type":"Point","coordinates":[11.93792697,36.83333333]}},{"type":"Feature","id":"port-1730088109","properties":{"id":"port-1730088109","name":"Catania","scalerank":7,"isMajor":false,"provinceId":"ITA-5413","provinceName":"Catania","countryIso3":"ITA","countryName":"Italy","source":"Natural Earth 1:10m ports"},"geometry":{"type":"Point","coordinates":[15.09093051,37.49583333]}},{"type":"Feature","id":"port-1730088111","properties":{"id":"port-1730088111","name":"Fiumicino","scalerank":7,"isMajor":false,"provinceId":"ITA-5422","provinceName":"Roma","countryIso3":"ITA","countryName":"Italy","source":"Natural Earth 1:10m ports"},"geometry":{"type":"Point","coordinates":[12.23545347,41.75583333]}},{"type":"Feature","id":"port-1730088113","properties":{"id":"port-1730088113","name":"Lampedusa","scalerank":7,"isMajor":false,"provinceId":"ITA-5417","provinceName":"Agrigento","countryIso3":"ITA","countryName":"Italy","source":"Natural Earth 1:10m ports"},"geometry":{"type":"Point","coordinates":[12.6024735,35.49916667]}},{"type":"Feature","id":"port-1730088115","properties":{"id":"port-1730088115","name":"Manfredonia","scalerank":7,"isMajor":false,"provinceId":"ITA-5404","provinceName":"Foggia","countryIso3":"ITA","countryName":"Italy","source":"Natural Earth 1:10m ports"},"geometry":{"type":"Point","coordinates":[15.92532391,41.62416667]}},{"type":"Feature","id":"port-1730088119","properties":{"id":"port-1730088119","name":"Ocho Rios","scalerank":7,"isMajor":false,"provinceId":"JAM-1379","provinceName":"Saint Ann","countryIso3":"JAM","countryName":"Jamaica","source":"Natural Earth 1:10m ports"},"geometry":{"type":"Point","coordinates":[-77.10671378,18.41027778]}},{"type":"Feature","id":"port-1730088121","properties":{"id":"port-1730088121","name":"Port Antonio","scalerank":7,"isMajor":false,"provinceId":"JAM-1378","provinceName":"Portland","countryIso3":"JAM","countryName":"Jamaica","source":"Natural Earth 1:10m ports"},"geometry":{"type":"Point","coordinates":[-76.45176678,18.18111111]}},{"type":"Feature","id":"port-1730088123","properties":{"id":"port-1730088123","name":"Nishinoomote","scalerank":7,"isMajor":false,"provinceId":"JPN-3501","provinceName":"Kagoshima","countryIso3":"JPN","countryName":"Japan","source":"Natural Earth 1:10m ports"},"geometry":{"type":"Point","coordinates":[130.9856302,30.73166667]}},{"type":"Feature","id":"port-1730088125","properties":{"id":"port-1730088125","name":"Akita","scalerank":7,"isMajor":false,"provinceId":"JPN-1862","provinceName":"Akita","countryIso3":"JPN","countryName":"Japan","source":"Natural Earth 1:10m ports"},"geometry":{"type":"Point","coordinates":[140.0398704,39.76222222]}},{"type":"Feature","id":"port-1730088127","properties":{"id":"port-1730088127","name":"Hachinohe","scalerank":7,"isMajor":false,"provinceId":"JPN-1863","provinceName":"Aomori","countryIso3":"JPN","countryName":"Japan","source":"Natural Earth 1:10m ports"},"geometry":{"type":"Point","coordinates":[141.5235571,40.54583333]}},{"type":"Feature","id":"port-1730088129","properties":{"id":"port-1730088129","name":"Ishigaki","scalerank":7,"isMajor":false,"provinceId":"JPN-3502","provinceName":"Okinawa","countryIso3":"JPN","countryName":"Japan","source":"Natural Earth 1:10m ports"},"geometry":{"type":"Point","coordinates":[124.1512367,24.33555556]}},{"type":"Feature","id":"port-1730088131","properties":{"id":"port-1730088131","name":"Matsuyama","scalerank":7,"isMajor":false,"provinceId":"JPN-1832","provinceName":"Ehime","countryIso3":"JPN","countryName":"Japan","source":"Natural Earth 1:10m ports"},"geometry":{"type":"Point","coordinates":[132.693404,33.85527778]}},{"type":"Feature","id":"port-1730088133","properties":{"id":"port-1730088133","name":"Sakata","scalerank":7,"isMajor":false,"provinceId":"JPN-1868","provinceName":"Yamagata","countryIso3":"JPN","countryName":"Japan","source":"Natural Earth 1:10m ports"},"geometry":{"type":"Point","coordinates":[139.8035336,38.93944444]}},{"type":"Feature","id":"port-1730088137","properties":{"id":"port-1730088137","name":"Takamatsu","scalerank":7,"isMajor":false,"provinceId":"JPN-1833","provinceName":"Kagawa","countryIso3":"JPN","countryName":"Japan","source":"Natural Earth 1:10m ports"},"geometry":{"type":"Point","coordinates":[134.0533569,34.35527778]}},{"type":"Feature","id":"port-1730088139","properties":{"id":"port-1730088139","name":"Wakkanai","scalerank":7,"isMajor":false,"provinceId":"JPN-1847","provinceName":"Hokkaidō","countryIso3":"JPN","countryName":"Japan","source":"Natural Earth 1:10m ports"},"geometry":{"type":"Point","coordinates":[141.6891637,45.41055556]}},{"type":"Feature","id":"port-1730088141","properties":{"id":"port-1730088141","name":"Tottori","scalerank":7,"isMajor":false,"provinceId":"JPN-1825","provinceName":"Tottori","countryIso3":"JPN","countryName":"Japan","source":"Natural Earth 1:10m ports"},"geometry":{"type":"Point","coordinates":[134.187927,35.54027778]}},{"type":"Feature","id":"port-1730088143","properties":{"id":"port-1730088143","name":"Lamu","scalerank":7,"isMajor":false,"provinceId":"KEN-1193","provinceName":"Coast","countryIso3":"KEN","countryName":"Kenya","source":"Natural Earth 1:10m ports"},"geometry":{"type":"Point","coordinates":[40.90159011,-2.268055556]}},{"type":"Feature","id":"port-1730088145","properties":{"id":"port-1730088145","name":"Gunsan","scalerank":7,"isMajor":false,"provinceId":"KOR-2499","provinceName":"North Jeolla","countryIso3":"KOR","countryName":"South Korea","source":"Natural Earth 1:10m ports"},"geometry":{"type":"Point","coordinates":[126.5881037,35.95972222]}},{"type":"Feature","id":"port-1730088147","properties":{"id":"port-1730088147","name":"Pohang","scalerank":7,"isMajor":false,"provinceId":"KOR-2509","provinceName":"North Gyeongsang","countryIso3":"KOR","countryName":"South Korea","source":"Natural Earth 1:10m ports"},"geometry":{"type":"Point","coordinates":[129.4028269,36.01972222]}},{"type":"Feature","id":"port-1730088149","properties":{"id":"port-1730088149","name":"Samcheok","scalerank":7,"isMajor":false,"provinceId":"KOR-2496","provinceName":"Gangwon","countryIso3":"KOR","countryName":"South Korea","source":"Natural Earth 1:10m ports"},"geometry":{"type":"Point","coordinates":[129.1882803,37.43361111]}},{"type":"Feature","id":"port-1730088151","properties":{"id":"port-1730088151","name":"Sokcho","scalerank":7,"isMajor":false,"provinceId":"KOR-2496","provinceName":"Gangwon","countryIso3":"KOR","countryName":"South Korea","source":"Natural Earth 1:10m ports"},"geometry":{"type":"Point","coordinates":[128.5923439,38.20694444]}},{"type":"Feature","id":"port-1730088155","properties":{"id":"port-1730088155","name":"Ulsan","scalerank":7,"isMajor":false,"provinceId":"KOR-2508","provinceName":"Ulsan","countryIso3":"KOR","countryName":"South Korea","source":"Natural Earth 1:10m ports"},"geometry":{"type":"Point","coordinates":[129.3856302,35.48777778]}},{"type":"Feature","id":"port-1730088157","properties":{"id":"port-1730088157","name":"Tripoli","scalerank":7,"isMajor":false,"provinceId":"LBN-3023","provinceName":"North Lebanon","countryIso3":"LBN","countryName":"Lebanon","source":"Natural Earth 1:10m ports"},"geometry":{"type":"Point","coordinates":[35.81914016,34.45527778]}},{"type":"Feature","id":"port-1730088159","properties":{"id":"port-1730088159","name":"Buchanan","scalerank":7,"isMajor":false,"provinceId":"LBR-785","provinceName":"Grand Bassa","countryIso3":"LBR","countryName":"Liberia","source":"Natural Earth 1:10m ports"},"geometry":{"type":"Point","coordinates":[-10.05265018,5.858055556]}},{"type":"Feature","id":"port-1730088161","properties":{"id":"port-1730088161","name":"Tripoli","scalerank":7,"isMajor":false,"provinceId":"LBY-2978","provinceName":"Tajura' wa an Nawahi al Arba","countryIso3":"LBY","countryName":"Libya","source":"Natural Earth 1:10m ports"},"geometry":{"type":"Point","coordinates":[13.19358068,32.9075]}},{"type":"Feature","id":"port-1730088163","properties":{"id":"port-1730088163","name":"Agadir","scalerank":7,"isMajor":false,"provinceId":"MAR-1455","provinceName":"Souss - Massa - Draâ","countryIso3":"MAR","countryName":"Morocco","source":"Natural Earth 1:10m ports"},"geometry":{"type":"Point","coordinates":[-9.634923439,30.42388889]}},{"type":"Feature","id":"port-1730088165","properties":{"id":"port-1730088165","name":"Al Hoceima","scalerank":7,"isMajor":false,"provinceId":"MAR-1447","provinceName":"Taza - Al Hoceima - Taounate","countryIso3":"MAR","countryName":"Morocco","source":"Natural Earth 1:10m ports"},"geometry":{"type":"Point","coordinates":[-3.919846879,35.24777778]}},{"type":"Feature","id":"port-1730088167","properties":{"id":"port-1730088167","name":"Dakhla","scalerank":7,"isMajor":false,"provinceId":"MAR-3469","provinceName":"Oued el Dahab","countryIso3":"MAR","countryName":"Morocco","source":"Natural Earth 1:10m ports"},"geometry":{"type":"Point","coordinates":[-15.93386337,23.68222222]}},{"type":"Feature","id":"port-1730088169","properties":{"id":"port-1730088169","name":"Antalaha","scalerank":7,"isMajor":false,"provinceId":"MDG-5879","provinceName":"Sava","countryIso3":"MDG","countryName":"Madagascar","source":"Natural Earth 1:10m ports"},"geometry":{"type":"Point","coordinates":[50.2762073,-14.9]}},{"type":"Feature","id":"port-1730088173","properties":{"id":"port-1730088173","name":"Manakara","scalerank":7,"isMajor":false,"provinceId":"MDG-5882","provinceName":"Vatovavy-Fitovinany","countryIso3":"MDG","countryName":"Madagascar","source":"Natural Earth 1:10m ports"},"geometry":{"type":"Point","coordinates":[48.01878681,-22.1425]}},{"type":"Feature","id":"port-1730088175","properties":{"id":"port-1730088175","name":"Mananjary","scalerank":7,"isMajor":false,"provinceId":"MDG-5882","provinceName":"Vatovavy-Fitovinany","countryIso3":"MDG","countryName":"Madagascar","source":"Natural Earth 1:10m ports"},"geometry":{"type":"Point","coordinates":[48.3262073,-21.24916667]}},{"type":"Feature","id":"port-1730088177","properties":{"id":"port-1730088177","name":"Morondava","scalerank":7,"isMajor":false,"provinceId":"MDG-5878","provinceName":"Menabe","countryIso3":"MDG","countryName":"Madagascar","source":"Natural Earth 1:10m ports"},"geometry":{"type":"Point","coordinates":[44.27196702,-20.28861111]}},{"type":"Feature","id":"port-1730088179","properties":{"id":"port-1730088179","name":"Toamasina","scalerank":7,"isMajor":false,"provinceId":"MDG-5868","provinceName":"Atsinanana","countryIso3":"MDG","countryName":"Madagascar","source":"Natural Earth 1:10m ports"},"geometry":{"type":"Point","coordinates":[49.42196702,-18.15722222]}},{"type":"Feature","id":"port-1730088181","properties":{"id":"port-1730088181","name":"Loreto","scalerank":7,"isMajor":false,"provinceId":"MEX-2707","provinceName":"Baja California Sur","countryIso3":"MEX","countryName":"Mexico","source":"Natural Earth 1:10m ports"},"geometry":{"type":"Point","coordinates":[-111.3368669,26.01472222]}},{"type":"Feature","id":"port-1730088183","properties":{"id":"port-1730088183","name":"Campeche","scalerank":7,"isMajor":false,"provinceId":"MEX-2722","provinceName":"Campeche","countryIso3":"MEX","countryName":"Mexico","source":"Natural Earth 1:10m ports"},"geometry":{"type":"Point","coordinates":[-90.59040047,19.8125]}},{"type":"Feature","id":"port-1730088185","properties":{"id":"port-1730088185","name":"Cozumel","scalerank":7,"isMajor":false,"provinceId":"MEX-2736","provinceName":"Quintana Roo","countryIso3":"MEX","countryName":"Mexico","source":"Natural Earth 1:10m ports"},"geometry":{"type":"Point","coordinates":[-86.95742049,20.495]}},{"type":"Feature","id":"port-1730088187","properties":{"id":"port-1730088187","name":"La Paz","scalerank":7,"isMajor":false,"provinceId":"MEX-2707","provinceName":"Baja California Sur","countryIso3":"MEX","countryName":"Mexico","source":"Natural Earth 1:10m ports"},"geometry":{"type":"Point","coordinates":[-110.310424,24.16944444]}},{"type":"Feature","id":"port-1730088191","properties":{"id":"port-1730088191","name":"Playa del Carmen","scalerank":7,"isMajor":false,"provinceId":"MEX-2736","provinceName":"Quintana Roo","countryIso3":"MEX","countryName":"Mexico","source":"Natural Earth 1:10m ports"},"geometry":{"type":"Point","coordinates":[-87.06772674,20.62444444]}},{"type":"Feature","id":"port-1730088193","properties":{"id":"port-1730088193","name":"Puerto Penasco","scalerank":7,"isMajor":false,"provinceId":"MEX-2712","provinceName":"Sonora","countryIso3":"MEX","countryName":"Mexico","source":"Natural Earth 1:10m ports"},"geometry":{"type":"Point","coordinates":[-113.5423439,31.30611111]}},{"type":"Feature","id":"port-1730088195","properties":{"id":"port-1730088195","name":"Puerto Vallarta","scalerank":7,"isMajor":false,"provinceId":"MEX-2719","provinceName":"Jalisco","countryIso3":"MEX","countryName":"Mexico","source":"Natural Earth 1:10m ports"},"geometry":{"type":"Point","coordinates":[-105.2409305,20.65916667]}},{"type":"Feature","id":"port-1730088197","properties":{"id":"port-1730088197","name":"Coatzacoalcos","scalerank":7,"isMajor":false,"provinceId":"MEX-2734","provinceName":"Veracruz","countryIso3":"MEX","countryName":"Mexico","source":"Natural Earth 1:10m ports"},"geometry":{"type":"Point","coordinates":[-94.41896349,18.12972222]}},{"type":"Feature","id":"port-1730088199","properties":{"id":"port-1730088199","name":"Bassein","scalerank":7,"isMajor":false,"provinceId":"MMR-3275","provinceName":"Ayeyarwady","countryIso3":"MMR","countryName":"Myanmar","source":"Natural Earth 1:10m ports"},"geometry":{"type":"Point","coordinates":[94.72338045,16.77972222]}},{"type":"Feature","id":"port-1730088201","properties":{"id":"port-1730088201","name":"Nacala","scalerank":7,"isMajor":false,"provinceId":"MOZ-1200","provinceName":"Nampula","countryIso3":"MOZ","countryName":"Mozambique","source":"Natural Earth 1:10m ports"},"geometry":{"type":"Point","coordinates":[40.6671967,-14.54138889]}},{"type":"Feature","id":"port-1730088203","properties":{"id":"port-1730088203","name":"Pemba","scalerank":7,"isMajor":false,"provinceId":"MOZ-1198","provinceName":"Cabo Delgado","countryIso3":"MOZ","countryName":"Mozambique","source":"Natural Earth 1:10m ports"},"geometry":{"type":"Point","coordinates":[40.48492344,-12.96666667]}},{"type":"Feature","id":"port-1730088205","properties":{"id":"port-1730088205","name":"Quelimane","scalerank":7,"isMajor":false,"provinceId":"MOZ-1906","provinceName":"Zambezia","countryIso3":"MOZ","countryName":"Mozambique","source":"Natural Earth 1:10m ports"},"geometry":{"type":"Point","coordinates":[36.87709069,-17.88166667]}},{"type":"Feature","id":"port-1730088209","properties":{"id":"port-1730088209","name":"Port Louis","scalerank":7,"isMajor":false,"provinceId":"MUS-5190","provinceName":"Port Louis city","countryIso3":"MUS","countryName":"Mauritius","source":"Natural Earth 1:10m ports"},"geometry":{"type":"Point","coordinates":[57.48987044,-20.14805556]}},{"type":"Feature","id":"port-1730088211","properties":{"id":"port-1730088211","name":"Malacca","scalerank":7,"isMajor":false,"provinceId":"MYS-1145","provinceName":"Melaka","countryIso3":"MYS","countryName":"Malaysia","source":"Natural Earth 1:10m ports"},"geometry":{"type":"Point","coordinates":[102.1233804,2.248888889]}},{"type":"Feature","id":"port-1730088213","properties":{"id":"port-1730088213","name":"Port Dickson","scalerank":7,"isMajor":false,"provinceId":"MYS-1146","provinceName":"Negeri Sembilan","countryIso3":"MYS","countryName":"Malaysia","source":"Natural Earth 1:10m ports"},"geometry":{"type":"Point","coordinates":[101.7886337,2.536111111]}},{"type":"Feature","id":"port-1730088215","properties":{"id":"port-1730088215","name":"Walvis Bay","scalerank":7,"isMajor":false,"provinceId":"NAM-3348","provinceName":"Erongo","countryIso3":"NAM","countryName":"Namibia","source":"Natural Earth 1:10m ports"},"geometry":{"type":"Point","coordinates":[14.50053004,-22.94055556]}},{"type":"Feature","id":"port-1730088217","properties":{"id":"port-1730088217","name":"Calabar","scalerank":7,"isMajor":false,"provinceId":"NGA-2847","provinceName":"Cross River","countryIso3":"NGA","countryName":"Nigeria","source":"Natural Earth 1:10m ports"},"geometry":{"type":"Point","coordinates":[8.316843345,4.986388889]}},{"type":"Feature","id":"port-1730088219","properties":{"id":"port-1730088219","name":"Groningen","scalerank":7,"isMajor":false,"provinceId":"NLD-897","provinceName":"Groningen","countryIso3":"NLD","countryName":"Netherlands","source":"Natural Earth 1:10m ports"},"geometry":{"type":"Point","coordinates":[6.586866902,53.21833333]}},{"type":"Feature","id":"port-1730088221","properties":{"id":"port-1730088221","name":"Alta","scalerank":7,"isMajor":false,"provinceId":"NOR-1062","provinceName":"Finnmark","countryIso3":"NOR","countryName":"Norway","source":"Natural Earth 1:10m ports"},"geometry":{"type":"Point","coordinates":[23.23704358,69.96777778]}},{"type":"Feature","id":"port-1730088223","properties":{"id":"port-1730088223","name":"Andenes","scalerank":7,"isMajor":false,"provinceId":"NOR-75","provinceName":"Nordland","countryIso3":"NOR","countryName":"Norway","source":"Natural Earth 1:10m ports"},"geometry":{"type":"Point","coordinates":[16.1237338,69.32416667]}},{"type":"Feature","id":"port-1730088227","properties":{"id":"port-1730088227","name":"Bronnoysund","scalerank":7,"isMajor":false,"provinceId":"NOR-75","provinceName":"Nordland","countryIso3":"NOR","countryName":"Norway","source":"Natural Earth 1:10m ports"},"geometry":{"type":"Point","coordinates":[12.20194346,65.4725]}},{"type":"Feature","id":"port-1730088229","properties":{"id":"port-1730088229","name":"Farsund","scalerank":7,"isMajor":false,"provinceId":"NOR-916","provinceName":"Vest-Agder","countryIso3":"NOR","countryName":"Norway","source":"Natural Earth 1:10m ports"},"geometry":{"type":"Point","coordinates":[6.789870436,58.08861111]}},{"type":"Feature","id":"port-1730088231","properties":{"id":"port-1730088231","name":"Floro","scalerank":7,"isMajor":false,"provinceId":"NOR-915","provinceName":"Sogn og Fjordane","countryIso3":"NOR","countryName":"Norway","source":"Natural Earth 1:10m ports"},"geometry":{"type":"Point","coordinates":[5.002826855,61.59777778]}},{"type":"Feature","id":"port-1730088233","properties":{"id":"port-1730088233","name":"Kristiansand","scalerank":7,"isMajor":false,"provinceId":"NOR-916","provinceName":"Vest-Agder","countryIso3":"NOR","countryName":"Norway","source":"Natural Earth 1:10m ports"},"geometry":{"type":"Point","coordinates":[7.986336867,58.14194444]}},{"type":"Feature","id":"port-1730088235","properties":{"id":"port-1730088235","name":"Namsos","scalerank":7,"isMajor":false,"provinceId":"NOR-925","provinceName":"Nord-Trøndelag","countryIso3":"NOR","countryName":"Norway","source":"Natural Earth 1:10m ports"},"geometry":{"type":"Point","coordinates":[11.49004711,64.46416667]}},{"type":"Feature","id":"port-1730088237","properties":{"id":"port-1730088237","name":"Rorvik","scalerank":7,"isMajor":false,"provinceId":"NOR-925","provinceName":"Nord-Trøndelag","countryIso3":"NOR","countryName":"Norway","source":"Natural Earth 1:10m ports"},"geometry":{"type":"Point","coordinates":[11.22691402,64.86055556]}},{"type":"Feature","id":"port-1730088239","properties":{"id":"port-1730088239","name":"Sandnessjoen","scalerank":7,"isMajor":false,"provinceId":"NOR-75","provinceName":"Nordland","countryIso3":"NOR","countryName":"Norway","source":"Natural Earth 1:10m ports"},"geometry":{"type":"Point","coordinates":[12.61878681,66.02166667]}},{"type":"Feature","id":"port-1730088241","properties":{"id":"port-1730088241","name":"Stokmarknes","scalerank":7,"isMajor":false,"provinceId":"NOR-75","provinceName":"Nordland","countryIso3":"NOR","countryName":"Norway","source":"Natural Earth 1:10m ports"},"geometry":{"type":"Point","coordinates":[14.90989399,68.56833333]}},{"type":"Feature","id":"port-1730088245","properties":{"id":"port-1730088245","name":"Stord","scalerank":7,"isMajor":false,"provinceId":"NOR-913","provinceName":"Hordaland","countryIso3":"NOR","countryName":"Norway","source":"Natural Earth 1:10m ports"},"geometry":{"type":"Point","coordinates":[5.501413428,59.78]}},{"type":"Feature","id":"port-1730088247","properties":{"id":"port-1730088247","name":"Picton","scalerank":7,"isMajor":false,"provinceId":"NZL-3401","provinceName":"Marlborough District","countryIso3":"NZL","countryName":"New Zealand","source":"Natural Earth 1:10m ports"},"geometry":{"type":"Point","coordinates":[174.004417,-41.28555556]}},{"type":"Feature","id":"port-1730088249","properties":{"id":"port-1730088249","name":"Dunedin","scalerank":7,"isMajor":false,"provinceId":"NZL-3407","provinceName":"Otago","countryIso3":"NZL","countryName":"New Zealand","source":"Natural Earth 1:10m ports"},"geometry":{"type":"Point","coordinates":[170.5193168,-45.87583333]}},{"type":"Feature","id":"port-1730088251","properties":{"id":"port-1730088251","name":"Salalah","scalerank":7,"isMajor":false,"provinceId":"OMN-2411","provinceName":"Dhofar","countryIso3":"OMN","countryName":"Oman","source":"Natural Earth 1:10m ports"},"geometry":{"type":"Point","coordinates":[54.00318021,16.94166667]}},{"type":"Feature","id":"port-1730088253","properties":{"id":"port-1730088253","name":"Gwadar","scalerank":7,"isMajor":false,"provinceId":"PAK-1108","provinceName":"Baluchistan","countryIso3":"PAK","countryName":"Pakistan","source":"Natural Earth 1:10m ports"},"geometry":{"type":"Point","coordinates":[62.33863369,25.11222222]}},{"type":"Feature","id":"port-1730088255","properties":{"id":"port-1730088255","name":"Bocas del Toro","scalerank":7,"isMajor":false,"provinceId":"PAN-1958","provinceName":"Bocas del Toro","countryIso3":"PAN","countryName":"Panama","source":"Natural Earth 1:10m ports"},"geometry":{"type":"Point","coordinates":[-82.23757362,9.34]}},{"type":"Feature","id":"port-1730088257","properties":{"id":"port-1730088257","name":"La Palma","scalerank":7,"isMajor":false,"provinceId":"PAN-1418","provinceName":"Darién","countryIso3":"PAN","countryName":"Panama","source":"Natural Earth 1:10m ports"},"geometry":{"type":"Point","coordinates":[-78.15106007,8.413611111]}},{"type":"Feature","id":"port-1730088259","properties":{"id":"port-1730088259","name":"Chimbote","scalerank":7,"isMajor":false,"provinceId":"PER-577","provinceName":"Áncash","countryIso3":"PER","countryName":"Peru","source":"Natural Earth 1:10m ports"},"geometry":{"type":"Point","coordinates":[-78.60777385,-9.076666667]}},{"type":"Feature","id":"port-1730088263","properties":{"id":"port-1730088263","name":"Ilo","scalerank":7,"isMajor":false,"provinceId":"PER-574","provinceName":"Moquegua","countryIso3":"PER","countryName":"Peru","source":"Natural Earth 1:10m ports"},"geometry":{"type":"Point","coordinates":[-71.34375736,-17.64694444]}},{"type":"Feature","id":"port-1730088265","properties":{"id":"port-1730088265","name":"Mollendo","scalerank":7,"isMajor":false,"provinceId":"PER-570","provinceName":"Arequipa","countryIso3":"PER","countryName":"Peru","source":"Natural Earth 1:10m ports"},"geometry":{"type":"Point","coordinates":[-72.01024735,-17.03111111]}},{"type":"Feature","id":"port-1730088267","properties":{"id":"port-1730088267","name":"Pisco","scalerank":7,"isMajor":false,"provinceId":"PER-589","provinceName":"Ica","countryIso3":"PER","countryName":"Peru","source":"Natural Earth 1:10m ports"},"geometry":{"type":"Point","coordinates":[-76.22196702,-13.73305556]}},{"type":"Feature","id":"port-1730088269","properties":{"id":"port-1730088269","name":"Dumaguete","scalerank":7,"isMajor":false,"provinceId":"PHL-2516","provinceName":"Negros Oriental","countryIso3":"PHL","countryName":"Philippines","source":"Natural Earth 1:10m ports"},"geometry":{"type":"Point","coordinates":[123.3081272,9.311944444]}},{"type":"Feature","id":"port-1730088271","properties":{"id":"port-1730088271","name":"General Santos","scalerank":7,"isMajor":false,"provinceId":"PHL-5529","provinceName":"General Santos","countryIso3":"PHL","countryName":"Philippines","source":"Natural Earth 1:10m ports"},"geometry":{"type":"Point","coordinates":[125.1542403,6.086111111]}},{"type":"Feature","id":"port-1730088273","properties":{"id":"port-1730088273","name":"Buka","scalerank":7,"isMajor":false,"provinceId":"PNG-1245","provinceName":"North Solomons","countryIso3":"PNG","countryName":"Papua New Guinea","source":"Natural Earth 1:10m ports"},"geometry":{"type":"Point","coordinates":[154.671967,-5.431944444]}},{"type":"Feature","id":"port-1730088275","properties":{"id":"port-1730088275","name":"Daru","scalerank":7,"isMajor":false,"provinceId":"PNG-1248","provinceName":"Western","countryIso3":"PNG","countryName":"Papua New Guinea","source":"Natural Earth 1:10m ports"},"geometry":{"type":"Point","coordinates":[143.2065371,-9.068333333]}},{"type":"Feature","id":"port-1730088277","properties":{"id":"port-1730088277","name":"Lae","scalerank":7,"isMajor":false,"provinceId":"PNG-1253","provinceName":"Morobe","countryIso3":"PNG","countryName":"Papua New Guinea","source":"Natural Earth 1:10m ports"},"geometry":{"type":"Point","coordinates":[146.9847468,-6.741111111]}},{"type":"Feature","id":"port-1730088281","properties":{"id":"port-1730088281","name":"Madang","scalerank":7,"isMajor":false,"provinceId":"PNG-1240","provinceName":"Madang","countryIso3":"PNG","countryName":"Papua New Guinea","source":"Natural Earth 1:10m ports"},"geometry":{"type":"Point","coordinates":[145.8003534,-5.213333333]}},{"type":"Feature","id":"port-1730088283","properties":{"id":"port-1730088283","name":"Gdansk","scalerank":7,"isMajor":false,"provinceId":"POL-3140","provinceName":"Pomeranian","countryIso3":"POL","countryName":"Poland","source":"Natural Earth 1:10m ports"},"geometry":{"type":"Point","coordinates":[18.66878681,54.39333333]}},{"type":"Feature","id":"port-1730088285","properties":{"id":"port-1730088285","name":"Gdynia","scalerank":7,"isMajor":false,"provinceId":"POL-3140","provinceName":"Pomeranian","countryIso3":"POL","countryName":"Poland","source":"Natural Earth 1:10m ports"},"geometry":{"type":"Point","coordinates":[18.53845701,54.53333333]}},{"type":"Feature","id":"port-1730088287","properties":{"id":"port-1730088287","name":"Aguadilla","scalerank":7,"isMajor":false,"provinceId":"PRI-5260","provinceName":"Puerto Rico","countryIso3":"PRI","countryName":"Puerto Rico","source":"Natural Earth 1:10m ports"},"geometry":{"type":"Point","coordinates":[-67.15706714,18.42944444]}},{"type":"Feature","id":"port-1730088289","properties":{"id":"port-1730088289","name":"Arecibo","scalerank":7,"isMajor":false,"provinceId":"PRI-5260","provinceName":"Puerto Rico","countryIso3":"PRI","countryName":"Puerto Rico","source":"Natural Earth 1:10m ports"},"geometry":{"type":"Point","coordinates":[-66.70035336,18.48138889]}},{"type":"Feature","id":"port-1730088291","properties":{"id":"port-1730088291","name":"Mayaguez","scalerank":7,"isMajor":false,"provinceId":"PRI-5260","provinceName":"Puerto Rico","countryIso3":"PRI","countryName":"Puerto Rico","source":"Natural Earth 1:10m ports"},"geometry":{"type":"Point","coordinates":[-67.15689046,18.21388889]}},{"type":"Feature","id":"port-1730088293","properties":{"id":"port-1730088293","name":"Faro","scalerank":7,"isMajor":false,"provinceId":"PRT-745","provinceName":"Faro","countryIso3":"PRT","countryName":"Portugal","source":"Natural Earth 1:10m ports"},"geometry":{"type":"Point","coordinates":[-7.926030624,37.01055556]}},{"type":"Feature","id":"port-1730088295","properties":{"id":"port-1730088295","name":"Bora-Bora","scalerank":7,"isMajor":false,"provinceId":"PYF-4964","provinceName":"Leeward Islands","countryIso3":"PYF","countryName":"French Polynesia","source":"Natural Earth 1:10m ports"},"geometry":{"type":"Point","coordinates":[-151.75,-16.51666667]}},{"type":"Feature","id":"port-1730088299","properties":{"id":"port-1730088299","name":"Tulcea","scalerank":7,"isMajor":false,"provinceId":"ROU-4847","provinceName":"Tulcea","countryIso3":"ROU","countryName":"Romania","source":"Natural Earth 1:10m ports"},"geometry":{"type":"Point","coordinates":[28.81684335,45.19111111]}},{"type":"Feature","id":"port-1730088301","properties":{"id":"port-1730088301","name":"Amderma","scalerank":7,"isMajor":false,"provinceId":"RUS-2381","provinceName":"Nenets","countryIso3":"RUS","countryName":"Russia","source":"Natural Earth 1:10m ports"},"geometry":{"type":"Point","coordinates":[61.55918728,69.75611111]}},{"type":"Feature","id":"port-1730088303","properties":{"id":"port-1730088303","name":"Anadyr","scalerank":7,"isMajor":false,"provinceId":"RUS-2321","provinceName":"Chukchi Autonomous Okrug","countryIso3":"RUS","countryName":"Russia","source":"Natural Earth 1:10m ports"},"geometry":{"type":"Point","coordinates":[177.5386337,64.74416667]}},{"type":"Feature","id":"port-1730088305","properties":{"id":"port-1730088305","name":"Pevek","scalerank":7,"isMajor":false,"provinceId":"RUS-2321","provinceName":"Chukchi Autonomous Okrug","countryIso3":"RUS","countryName":"Russia","source":"Natural Earth 1:10m ports"},"geometry":{"type":"Point","coordinates":[170.2770907,69.70166667]}},{"type":"Feature","id":"port-1730088307","properties":{"id":"port-1730088307","name":"Kaolack","scalerank":7,"isMajor":false,"provinceId":"SEN-765","provinceName":"Kaolack","countryIso3":"SEN","countryName":"Senegal","source":"Natural Earth 1:10m ports"},"geometry":{"type":"Point","coordinates":[-16.07196702,14.12944444]}},{"type":"Feature","id":"port-1730088309","properties":{"id":"port-1730088309","name":"Ziguinchor","scalerank":7,"isMajor":false,"provinceId":"SEN-775","provinceName":"Ziguinchor","countryIso3":"SEN","countryName":"Senegal","source":"Natural Earth 1:10m ports"},"geometry":{"type":"Point","coordinates":[-16.26808009,12.58972222]}},{"type":"Feature","id":"port-1730088311","properties":{"id":"port-1730088311","name":"Longyearbyen","scalerank":7,"isMajor":false,"provinceId":"NOR-901","provinceName":"Svalbard","countryIso3":"NOR","countryName":"Norway","source":"Natural Earth 1:10m ports"},"geometry":{"type":"Point","coordinates":[15.6237338,78.22611111]}},{"type":"Feature","id":"port-1730088313","properties":{"id":"port-1730088313","name":"Gizo","scalerank":7,"isMajor":false,"provinceId":"SLB-3507","provinceName":"Western","countryIso3":"SLB","countryName":"Solomon Islands","source":"Natural Earth 1:10m ports"},"geometry":{"type":"Point","coordinates":[156.8388104,-8.101388889]}},{"type":"Feature","id":"port-1730088317","properties":{"id":"port-1730088317","name":"Viru Harbour","scalerank":7,"isMajor":false,"provinceId":"SLB-3507","provinceName":"Western","countryIso3":"SLB","countryName":"Solomon Islands","source":"Natural Earth 1:10m ports"},"geometry":{"type":"Point","coordinates":[157.7260306,-8.499722222]}},{"type":"Feature","id":"port-1730088319","properties":{"id":"port-1730088319","name":"Kismayu","scalerank":7,"isMajor":false,"provinceId":"SOM-2645","provinceName":"Jubbada Hoose","countryIso3":"SOM","countryName":"Somalia","source":"Natural Earth 1:10m ports"},"geometry":{"type":"Point","coordinates":[42.54110718,-0.374166667]}},{"type":"Feature","id":"port-1730088321","properties":{"id":"port-1730088321","name":"Karlstad","scalerank":7,"isMajor":false,"provinceId":"SWE-188","provinceName":"Värmland","countryIso3":"SWE","countryName":"Sweden","source":"Natural Earth 1:10m ports"},"geometry":{"type":"Point","coordinates":[13.52020024,59.37527778]}},{"type":"Feature","id":"port-1730088323","properties":{"id":"port-1730088323","name":"Lidkoping","scalerank":7,"isMajor":false,"provinceId":"SWE-3428","provinceName":"Västra Götaland","countryIso3":"SWE","countryName":"Sweden","source":"Natural Earth 1:10m ports"},"geometry":{"type":"Point","coordinates":[13.15936396,58.50916667]}},{"type":"Feature","id":"port-1730088325","properties":{"id":"port-1730088325","name":"Skelleftea","scalerank":7,"isMajor":false,"provinceId":"SWE-192","provinceName":"Västerbotten","countryIso3":"SWE","countryName":"Sweden","source":"Natural Earth 1:10m ports"},"geometry":{"type":"Point","coordinates":[21.25176678,64.67833333]}},{"type":"Feature","id":"port-1730088327","properties":{"id":"port-1730088327","name":"Umea","scalerank":7,"isMajor":false,"provinceId":"SWE-192","provinceName":"Västerbotten","countryIso3":"SWE","countryName":"Sweden","source":"Natural Earth 1:10m ports"},"geometry":{"type":"Point","coordinates":[20.26772674,63.81666667]}},{"type":"Feature","id":"port-1730088329","properties":{"id":"port-1730088329","name":"Providenciales","scalerank":7,"isMajor":false,"provinceId":"TCA-5005","provinceName":"Providenciales and West Caicos","countryIso3":"TCA","countryName":"Turks and Caicos Islands","source":"Natural Earth 1:10m ports"},"geometry":{"type":"Point","coordinates":[-72.25600707,21.76277778]}},{"type":"Feature","id":"port-1730088331","properties":{"id":"port-1730088331","name":"Songkhla","scalerank":7,"isMajor":false,"provinceId":"THA-386","provinceName":"Songkhla","countryIso3":"THA","countryName":"Thailand","source":"Natural Earth 1:10m ports"},"geometry":{"type":"Point","coordinates":[100.5696702,7.228611111]}},{"type":"Feature","id":"port-1730088335","properties":{"id":"port-1730088335","name":"Bandirma","scalerank":7,"isMajor":false,"provinceId":"TUR-2238","provinceName":"Balikesir","countryIso3":"TUR","countryName":"Turkey","source":"Natural Earth 1:10m ports"},"geometry":{"type":"Point","coordinates":[27.95724382,40.35416667]}},{"type":"Feature","id":"port-1730088337","properties":{"id":"port-1730088337","name":"Samsun","scalerank":7,"isMajor":false,"provinceId":"TUR-2296","provinceName":"Samsun","countryIso3":"TUR","countryName":"Turkey","source":"Natural Earth 1:10m ports"},"geometry":{"type":"Point","coordinates":[36.34040047,41.29972222]}},{"type":"Feature","id":"port-1730088339","properties":{"id":"port-1730088339","name":"Sinop","scalerank":7,"isMajor":false,"provinceId":"TUR-2294","provinceName":"Sinop","countryIso3":"TUR","countryName":"Turkey","source":"Natural Earth 1:10m ports"},"geometry":{"type":"Point","coordinates":[35.14287397,42.02333333]}},{"type":"Feature","id":"port-1730088341","properties":{"id":"port-1730088341","name":"Trabzon","scalerank":7,"isMajor":false,"provinceId":"TUR-2302","provinceName":"Trabzon","countryIso3":"TUR","countryName":"Turkey","source":"Natural Earth 1:10m ports"},"geometry":{"type":"Point","coordinates":[39.73651355,41.00555556]}},{"type":"Feature","id":"port-1730088343","properties":{"id":"port-1730088343","name":"Sevastopol","scalerank":7,"isMajor":false,"provinceId":"RUS-5482","provinceName":"Sevastopol","countryIso3":"RUS","countryName":"Russia","source":"Natural Earth 1:10m ports"},"geometry":{"type":"Point","coordinates":[33.54146054,44.61888889]}},{"type":"Feature","id":"port-1730088345","properties":{"id":"port-1730088345","name":"Skagway","scalerank":7,"isMajor":false,"provinceId":"USA-3563","provinceName":"Alaska","countryIso3":"USA","countryName":"United States of America","source":"Natural Earth 1:10m ports"},"geometry":{"type":"Point","coordinates":[-135.3223204,59.45083333]}},{"type":"Feature","id":"port-1730088347","properties":{"id":"port-1730088347","name":"Valdez","scalerank":7,"isMajor":false,"provinceId":"USA-3563","provinceName":"Alaska","countryIso3":"USA","countryName":"United States of America","source":"Natural Earth 1:10m ports"},"geometry":{"type":"Point","coordinates":[-146.3570671,61.10361111]}},{"type":"Feature","id":"port-1730088349","properties":{"id":"port-1730088349","name":"Apalachicola","scalerank":7,"isMajor":false,"provinceId":"USA-3542","provinceName":"Florida","countryIso3":"USA","countryName":"United States of America","source":"Natural Earth 1:10m ports"},"geometry":{"type":"Point","coordinates":[-84.98669022,29.7275]}},{"type":"Feature","id":"port-1730088353","properties":{"id":"port-1730088353","name":"Annapolis","scalerank":7,"isMajor":false,"provinceId":"USA-3557","provinceName":"Maryland","countryIso3":"USA","countryName":"United States of America","source":"Natural Earth 1:10m ports"},"geometry":{"type":"Point","coordinates":[-76.47426384,38.965]}},{"type":"Feature","id":"port-1730088355","properties":{"id":"port-1730088355","name":"Cambridge","scalerank":7,"isMajor":false,"provinceId":"USA-3557","provinceName":"Maryland","countryIso3":"USA","countryName":"United States of America","source":"Natural Earth 1:10m ports"},"geometry":{"type":"Point","coordinates":[-76.07108363,38.57416667]}},{"type":"Feature","id":"port-1730088357","properties":{"id":"port-1730088357","name":"Portland","scalerank":7,"isMajor":false,"provinceId":"USA-3525","provinceName":"Oregon","countryIso3":"USA","countryName":"United States of America","source":"Natural Earth 1:10m ports"},"geometry":{"type":"Point","coordinates":[-122.7836867,45.60583333]}},{"type":"Feature","id":"port-1730088359","properties":{"id":"port-1730088359","name":"Bremerton","scalerank":7,"isMajor":false,"provinceId":"USA-3519","provinceName":"Washington","countryIso3":"USA","countryName":"United States of America","source":"Natural Earth 1:10m ports"},"geometry":{"type":"Point","coordinates":[-122.6377503,47.5625]}},{"type":"Feature","id":"port-1730088361","properties":{"id":"port-1730088361","name":"Rockland","scalerank":7,"isMajor":false,"provinceId":"USA-3561","provinceName":"Maine","countryIso3":"USA","countryName":"United States of America","source":"Natural Earth 1:10m ports"},"geometry":{"type":"Point","coordinates":[-69.10212014,44.10305556]}},{"type":"Feature","id":"port-1730088363","properties":{"id":"port-1730088363","name":"Santa Cruz","scalerank":7,"isMajor":false,"provinceId":"USA-3521","provinceName":"California","countryIso3":"USA","countryName":"United States of America","source":"Natural Earth 1:10m ports"},"geometry":{"type":"Point","coordinates":[-122.0014134,36.96638889]}},{"type":"Feature","id":"port-1730088365","properties":{"id":"port-1730088365","name":"Chesapeake","scalerank":7,"isMajor":false,"provinceId":"USA-3552","provinceName":"Virginia","countryIso3":"USA","countryName":"United States of America","source":"Natural Earth 1:10m ports"},"geometry":{"type":"Point","coordinates":[-76.23951708,36.7225]}},{"type":"Feature","id":"port-1730088367","properties":{"id":"port-1730088367","name":"Cumana","scalerank":7,"isMajor":false,"provinceId":"VEN-49","provinceName":"Sucre","countryIso3":"VEN","countryName":"Venezuela","source":"Natural Earth 1:10m ports"},"geometry":{"type":"Point","coordinates":[-64.18775029,10.47416667]}},{"type":"Feature","id":"port-1730088371","properties":{"id":"port-1730088371","name":"Hai Phong","scalerank":7,"isMajor":false,"provinceId":"VNM-4600","provinceName":"Hải Phòng","countryIso3":"VNM","countryName":"Vietnam","source":"Natural Earth 1:10m ports"},"geometry":{"type":"Point","coordinates":[106.6751472,20.86722222]}},{"type":"Feature","id":"port-1730088373","properties":{"id":"port-1730088373","name":"Corfu","scalerank":7,"isMajor":false,"provinceId":"GRC-2883","provinceName":"Ionioi Nisoi","countryIso3":"GRC","countryName":"Greece","source":"Natural Earth 1:10m ports"},"geometry":{"type":"Point","coordinates":[19.910572060487087,39.621950140387334]}},{"type":"Feature","id":"port-1730088375","properties":{"id":"port-1730088375","name":"Alexandria","scalerank":7,"isMajor":false,"provinceId":"EGY-1541","provinceName":"Al Buhayrah","countryIso3":"EGY","countryName":"Egypt","source":"Natural Earth 1:10m ports"},"geometry":{"type":"Point","coordinates":[30.16765718634613,31.334923292880035]}},{"type":"Feature","id":"port-1730088377","properties":{"id":"port-1730088377","name":"Tangier","scalerank":7,"isMajor":false,"provinceId":"MAR-1445","provinceName":"Tanger - Tétouan","countryIso3":"MAR","countryName":"Morocco","source":"Natural Earth 1:10m ports"},"geometry":{"type":"Point","coordinates":[-5.824954241841614,35.79611353569427]}},{"type":"Feature","id":"port-1730088379","properties":{"id":"port-1730088379","name":"Hamilton","scalerank":7,"isMajor":false,"provinceId":"CAN-682","provinceName":"Ontario","countryIso3":"CAN","countryName":"Canada","source":"Natural Earth 1:10m ports"},"geometry":{"type":"Point","coordinates":[-79.85,43.25]}},{"type":"Feature","id":"port-1730088381","properties":{"id":"port-1730088381","name":"Windsor","scalerank":7,"isMajor":false,"provinceId":"CAN-682","provinceName":"Ontario","countryIso3":"CAN","countryName":"Canada","source":"Natural Earth 1:10m ports"},"geometry":{"type":"Point","coordinates":[-83.03,42.31]}},{"type":"Feature","id":"port-1730088383","properties":{"id":"port-1730088383","name":"Rouge River","scalerank":7,"isMajor":false,"provinceId":"USA-3562","provinceName":"Michigan","countryIso3":"USA","countryName":"United States of America","source":"Natural Earth 1:10m ports"},"geometry":{"type":"Point","coordinates":[-83.11,42.28]}},{"type":"Feature","id":"port-1730088385","properties":{"id":"port-1730088385","name":"Owen Sound","scalerank":7,"isMajor":false,"provinceId":"CAN-682","provinceName":"Ontario","countryIso3":"CAN","countryName":"Canada","source":"Natural Earth 1:10m ports"},"geometry":{"type":"Point","coordinates":[-80.93,44.58]}},{"type":"Feature","id":"port-1730088389","properties":{"id":"port-1730088389","name":"Sault Ste Marie","scalerank":7,"isMajor":false,"provinceId":"USA-3562","provinceName":"Michigan","countryIso3":"USA","countryName":"United States of America","source":"Natural Earth 1:10m ports"},"geometry":{"type":"Point","coordinates":[-84.35,46.51]}},{"type":"Feature","id":"port-1730088391","properties":{"id":"port-1730088391","name":"Saginaw","scalerank":7,"isMajor":false,"provinceId":"USA-3562","provinceName":"Michigan","countryIso3":"USA","countryName":"United States of America","source":"Natural Earth 1:10m ports"},"geometry":{"type":"Point","coordinates":[-83.93,43.43]}},{"type":"Feature","id":"port-1730088393","properties":{"id":"port-1730088393","name":"Cheboygan","scalerank":7,"isMajor":false,"provinceId":"USA-3562","provinceName":"Michigan","countryIso3":"USA","countryName":"United States of America","source":"Natural Earth 1:10m ports"},"geometry":{"type":"Point","coordinates":[-84.46,45.65]}},{"type":"Feature","id":"port-1730088395","properties":{"id":"port-1730088395","name":"Sault Ste Marie","scalerank":7,"isMajor":false,"provinceId":"USA-3562","provinceName":"Michigan","countryIso3":"USA","countryName":"United States of America","source":"Natural Earth 1:10m ports"},"geometry":{"type":"Point","coordinates":[-84.35,46.5]}},{"type":"Feature","id":"port-1730088397","properties":{"id":"port-1730088397","name":"Muskegon","scalerank":7,"isMajor":false,"provinceId":"USA-3562","provinceName":"Michigan","countryIso3":"USA","countryName":"United States of America","source":"Natural Earth 1:10m ports"},"geometry":{"type":"Point","coordinates":[-86.26,43.23]}},{"type":"Feature","id":"port-1730088399","properties":{"id":"port-1730088399","name":"Gary","scalerank":7,"isMajor":false,"provinceId":"USA-3547","provinceName":"Indiana","countryIso3":"USA","countryName":"United States of America","source":"Natural Earth 1:10m ports"},"geometry":{"type":"Point","coordinates":[-87.33,41.61]}},{"type":"Feature","id":"port-1730088401","properties":{"id":"port-1730088401","name":"Waukegan","scalerank":7,"isMajor":false,"provinceId":"USA-3546","provinceName":"Illinois","countryIso3":"USA","countryName":"United States of America","source":"Natural Earth 1:10m ports"},"geometry":{"type":"Point","coordinates":[-87.81,42.36]}},{"type":"Feature","id":"port-1730088403","properties":{"id":"port-1730088403","name":"Houghton","scalerank":7,"isMajor":false,"provinceId":"USA-3562","provinceName":"Michigan","countryIso3":"USA","countryName":"United States of America","source":"Natural Earth 1:10m ports"},"geometry":{"type":"Point","coordinates":[-88.56,47.11]}},{"type":"Feature","id":"port-1730088407","properties":{"id":"port-1730088407","name":"Wrangell","scalerank":7,"isMajor":false,"provinceId":"USA-3563","provinceName":"Alaska","countryIso3":"USA","countryName":"United States of America","source":"Natural Earth 1:10m ports"},"geometry":{"type":"Point","coordinates":[-132.38,56.46]}},{"type":"Feature","id":"port-1730088409","properties":{"id":"port-1730088409","name":"Petersburg","scalerank":7,"isMajor":false,"provinceId":"USA-3563","provinceName":"Alaska","countryIso3":"USA","countryName":"United States of America","source":"Natural Earth 1:10m ports"},"geometry":{"type":"Point","coordinates":[-132.95,56.81]}},{"type":"Feature","id":"port-1730088411","properties":{"id":"port-1730088411","name":"Kemi","scalerank":7,"isMajor":false,"provinceId":"FIN-3176","provinceName":"Lapland","countryIso3":"FIN","countryName":"Finland","source":"Natural Earth 1:10m ports"},"geometry":{"type":"Point","coordinates":[24.56,65.73]}},{"type":"Feature","id":"port-1730088413","properties":{"id":"port-1730088413","name":"Vaasa","scalerank":7,"isMajor":false,"provinceId":"FIN-3182","provinceName":"Ostrobothnia","countryIso3":"FIN","countryName":"Finland","source":"Natural Earth 1:10m ports"},"geometry":{"type":"Point","coordinates":[21.58,63.1]}},{"type":"Feature","id":"port-1730088415","properties":{"id":"port-1730088415","name":"Turku","scalerank":7,"isMajor":false,"provinceId":"FIN-3191","provinceName":"Finland Proper","countryIso3":"FIN","countryName":"Finland","source":"Natural Earth 1:10m ports"},"geometry":{"type":"Point","coordinates":[22.23,60.45]}},{"type":"Feature","id":"port-1730088417","properties":{"id":"port-1730088417","name":"Liepaja","scalerank":7,"isMajor":false,"provinceId":"LVA-4848","provinceName":"Liepāja","countryIso3":"LVA","countryName":"Latvia","source":"Natural Earth 1:10m ports"},"geometry":{"type":"Point","coordinates":[21.01,56.51]}},{"type":"Feature","id":"port-1730088419","properties":{"id":"port-1730088419","name":"Europoort","scalerank":7,"isMajor":false,"provinceId":"NLD-3485","provinceName":"Zuid-Holland","countryIso3":"NLD","countryName":"Netherlands","source":"Natural Earth 1:10m ports"},"geometry":{"type":"Point","coordinates":[4.11,51.95]}},{"type":"Feature","id":"port-1730088421","properties":{"id":"port-1730088421","name":"Stornoway Harbor","scalerank":7,"isMajor":false,"provinceId":"GBR-2772","provinceName":"Eilean Siar","countryIso3":"GBR","countryName":"United Kingdom","source":"Natural Earth 1:10m ports"},"geometry":{"type":"Point","coordinates":[-6.36,58.18]}},{"type":"Feature","id":"port-1730088425","properties":{"id":"port-1730088425","name":"Lisboa","scalerank":7,"isMajor":false,"provinceId":"PRT-746","provinceName":"Lisboa","countryIso3":"PRT","countryName":"Portugal","source":"Natural Earth 1:10m ports"},"geometry":{"type":"Point","coordinates":[-9.16,38.7]}},{"type":"Feature","id":"port-1730088427","properties":{"id":"port-1730088427","name":"Bonanza","scalerank":7,"isMajor":false,"provinceId":"ESP-5812","provinceName":"Cádiz","countryIso3":"ESP","countryName":"Spain","source":"Natural Earth 1:10m ports"},"geometry":{"type":"Point","coordinates":[-6.33,36.8]}},{"type":"Feature","id":"port-1730088429","properties":{"id":"port-1730088429","name":"Ibiza","scalerank":7,"isMajor":false,"provinceId":"ESP-5808","provinceName":"Baleares","countryIso3":"ESP","countryName":"Spain","source":"Natural Earth 1:10m ports"},"geometry":{"type":"Point","coordinates":[1.45,38.9]}},{"type":"Feature","id":"port-1730088431","properties":{"id":"port-1730088431","name":"Rostov-Na-Donu","scalerank":7,"isMajor":false,"provinceId":"RUS-2367","provinceName":"Rostov","countryIso3":"RUS","countryName":"Russia","source":"Natural Earth 1:10m ports"},"geometry":{"type":"Point","coordinates":[39.71,47.16]}},{"type":"Feature","id":"port-1730088433","properties":{"id":"port-1730088433","name":"Tel Aviv Yafo","scalerank":7,"isMajor":false,"provinceId":"ISR-3057","provinceName":"Tel Aviv","countryIso3":"ISR","countryName":"Israel","source":"Natural Earth 1:10m ports"},"geometry":{"type":"Point","coordinates":[34.76,32.06]}},{"type":"Feature","id":"port-1730088435","properties":{"id":"port-1730088435","name":"Tunis","scalerank":7,"isMajor":false,"provinceId":"TUN-104","provinceName":"Ben Arous (Tunis Sud)","countryIso3":"TUN","countryName":"Tunisia","source":"Natural Earth 1:10m ports"},"geometry":{"type":"Point","coordinates":[10.25,36.8]}},{"type":"Feature","id":"port-1730088437","properties":{"id":"port-1730088437","name":"Bejaia","scalerank":7,"isMajor":false,"provinceId":"DZA-2208","provinceName":"Béjaïa","countryIso3":"DZA","countryName":"Algeria","source":"Natural Earth 1:10m ports"},"geometry":{"type":"Point","coordinates":[5.08,36.75]}},{"type":"Feature","id":"port-1730088439","properties":{"id":"port-1730088439","name":"Alger","scalerank":7,"isMajor":false,"provinceId":"DZA-2195","provinceName":"Alger","countryIso3":"DZA","countryName":"Algeria","source":"Natural Earth 1:10m ports"},"geometry":{"type":"Point","coordinates":[3.06,36.76]}},{"type":"Feature","id":"port-1730088443","properties":{"id":"port-1730088443","name":"St Louis","scalerank":7,"isMajor":false,"provinceId":"MRT-2788","provinceName":"Trarza","countryIso3":"MRT","countryName":"Mauritania","source":"Natural Earth 1:10m ports"},"geometry":{"type":"Point","coordinates":[-16.51,16.01]}},{"type":"Feature","id":"port-1730088445","properties":{"id":"port-1730088445","name":"Tin Can Island","scalerank":7,"isMajor":false,"provinceId":"NGA-2850","provinceName":"Lagos","countryIso3":"NGA","countryName":"Nigeria","source":"Natural Earth 1:10m ports"},"geometry":{"type":"Point","coordinates":[3.3,6.41]}},{"type":"Feature","id":"port-1730088447","properties":{"id":"port-1730088447","name":"Mocambique","scalerank":7,"isMajor":false,"provinceId":"MOZ-1200","provinceName":"Nampula","countryIso3":"MOZ","countryName":"Mozambique","source":"Natural Earth 1:10m ports"},"geometry":{"type":"Point","coordinates":[40.73,-15.03]}},{"type":"Feature","id":"port-1730088449","properties":{"id":"port-1730088449","name":"Assab","scalerank":7,"isMajor":false,"provinceId":"ERI-1565","provinceName":"Debubawi Keyih Bahri","countryIso3":"ERI","countryName":"Eritrea","source":"Natural Earth 1:10m ports"},"geometry":{"type":"Point","coordinates":[42.75,13]}},{"type":"Feature","id":"port-1730088451","properties":{"id":"port-1730088451","name":"Massawa","scalerank":7,"isMajor":false,"provinceId":"ERI-1562","provinceName":"Debub","countryIso3":"ERI","countryName":"Eritrea","source":"Natural Earth 1:10m ports"},"geometry":{"type":"Point","coordinates":[39.46,15.61]}},{"type":"Feature","id":"port-1730088453","properties":{"id":"port-1730088453","name":"Elat","scalerank":7,"isMajor":false,"provinceId":"ISR-3053","provinceName":"HaDarom","countryIso3":"ISR","countryName":"Israel","source":"Natural Earth 1:10m ports"},"geometry":{"type":"Point","coordinates":[34.95,29.55]}},{"type":"Feature","id":"port-1730088455","properties":{"id":"port-1730088455","name":"Al Kuwayt","scalerank":7,"isMajor":false,"provinceId":"KWT-1663","provinceName":"Al Asimah","countryIso3":"KWT","countryName":"Kuwait","source":"Natural Earth 1:10m ports"},"geometry":{"type":"Point","coordinates":[47.96,29.38]}},{"type":"Feature","id":"port-1730088457","properties":{"id":"port-1730088457","name":"Bombay","scalerank":7,"isMajor":false,"provinceId":"IND-2447","provinceName":"Maharashtra","countryIso3":"IND","countryName":"India","source":"Natural Earth 1:10m ports"},"geometry":{"type":"Point","coordinates":[72.83,18.83]}},{"type":"Feature","id":"port-1730088461","properties":{"id":"port-1730088461","name":"Jawaharlal Nehru Port","scalerank":7,"isMajor":false,"provinceId":"IND-2447","provinceName":"Maharashtra","countryIso3":"IND","countryName":"India","source":"Natural Earth 1:10m ports"},"geometry":{"type":"Point","coordinates":[72.93,18.95]}},{"type":"Feature","id":"port-1730088463","properties":{"id":"port-1730088463","name":"Cochin","scalerank":7,"isMajor":false,"provinceId":"IND-2442","provinceName":"Kerala","countryIso3":"IND","countryName":"India","source":"Natural Earth 1:10m ports"},"geometry":{"type":"Point","coordinates":[76.23,9.96]}},{"type":"Feature","id":"port-1730088465","properties":{"id":"port-1730088465","name":"Madras","scalerank":7,"isMajor":false,"provinceId":"IND-3263","provinceName":"Tamil Nadu","countryIso3":"IND","countryName":"India","source":"Natural Earth 1:10m ports"},"geometry":{"type":"Point","coordinates":[80.3,13.1]}},{"type":"Feature","id":"port-1730088467","properties":{"id":"port-1730088467","name":"Calcutta","scalerank":7,"isMajor":false,"provinceId":"IND-3257","provinceName":"West Bengal","countryIso3":"IND","countryName":"India","source":"Natural Earth 1:10m ports"},"geometry":{"type":"Point","coordinates":[88.31,22.55]}},{"type":"Feature","id":"port-1730088469","properties":{"id":"port-1730088469","name":"Phuket","scalerank":7,"isMajor":false,"provinceId":"THA-377","provinceName":"Phuket","countryIso3":"THA","countryName":"Thailand","source":"Natural Earth 1:10m ports"},"geometry":{"type":"Point","coordinates":[98.4,7.83]}},{"type":"Feature","id":"port-1730088471","properties":{"id":"port-1730088471","name":"Pulau Pinang","scalerank":7,"isMajor":false,"provinceId":"MYS-1139","provinceName":"Pulau Pinang","countryIso3":"MYS","countryName":"Malaysia","source":"Natural Earth 1:10m ports"},"geometry":{"type":"Point","coordinates":[100.35,5.41]}},{"type":"Feature","id":"port-1730088473","properties":{"id":"port-1730088473","name":"Belawan","scalerank":7,"isMajor":false,"provinceId":"IDN-381","provinceName":"Sumatera Utara","countryIso3":"IDN","countryName":"Indonesia","source":"Natural Earth 1:10m ports"},"geometry":{"type":"Point","coordinates":[98.68,3.78]}},{"type":"Feature","id":"port-1730088475","properties":{"id":"port-1730088475","name":"Semarang","scalerank":7,"isMajor":false,"provinceId":"IDN-1224","provinceName":"Jawa Tengah","countryIso3":"IDN","countryName":"Indonesia","source":"Natural Earth 1:10m ports"},"geometry":{"type":"Point","coordinates":[110.41,-6.95]}},{"type":"Feature","id":"port-1730088479","properties":{"id":"port-1730088479","name":"Kupang","scalerank":7,"isMajor":false,"provinceId":"IDN-1235","provinceName":"Nusa Tenggara Timur","countryIso3":"IDN","countryName":"Indonesia","source":"Natural Earth 1:10m ports"},"geometry":{"type":"Point","coordinates":[123.58,-10.16]}},{"type":"Feature","id":"port-1730088481","properties":{"id":"port-1730088481","name":"Kuching","scalerank":7,"isMajor":false,"provinceId":"MYS-1187","provinceName":"Sarawak","countryIso3":"MYS","countryName":"Malaysia","source":"Natural Earth 1:10m ports"},"geometry":{"type":"Point","coordinates":[110.35,1.56]}},{"type":"Feature","id":"port-1730088483","properties":{"id":"port-1730088483","name":"Miri","scalerank":7,"isMajor":false,"provinceId":"MYS-1187","provinceName":"Sarawak","countryIso3":"MYS","countryName":"Malaysia","source":"Natural Earth 1:10m ports"},"geometry":{"type":"Point","coordinates":[113.96,4.38]}},{"type":"Feature","id":"port-1730088485","properties":{"id":"port-1730088485","name":"Kota Kinabalu","scalerank":7,"isMajor":false,"provinceId":"MYS-1186","provinceName":"Sabah","countryIso3":"MYS","countryName":"Malaysia","source":"Natural Earth 1:10m ports"},"geometry":{"type":"Point","coordinates":[116.06,5.98]}},{"type":"Feature","id":"port-1730088487","properties":{"id":"port-1730088487","name":"Pelabuhan Sandakan","scalerank":7,"isMajor":false,"provinceId":"MYS-1186","provinceName":"Sabah","countryIso3":"MYS","countryName":"Malaysia","source":"Natural Earth 1:10m ports"},"geometry":{"type":"Point","coordinates":[118.11,5.83]}},{"type":"Feature","id":"port-1730088489","properties":{"id":"port-1730088489","name":"Ujungpandang","scalerank":7,"isMajor":false,"provinceId":"IDN-1236","provinceName":"Sulawesi Selatan","countryIso3":"IDN","countryName":"Indonesia","source":"Natural Earth 1:10m ports"},"geometry":{"type":"Point","coordinates":[119.4,-5.13]}},{"type":"Feature","id":"port-1730088491","properties":{"id":"port-1730088491","name":"Davao","scalerank":7,"isMajor":false,"provinceId":"PHL-5528","provinceName":"Davao","countryIso3":"PHL","countryName":"Philippines","source":"Natural Earth 1:10m ports"},"geometry":{"type":"Point","coordinates":[125.61,7.06]}},{"type":"Feature","id":"port-1730088493","properties":{"id":"port-1730088493","name":"Nanjing","scalerank":7,"isMajor":false,"provinceId":"CHN-1818","provinceName":"Jiangsu","countryIso3":"CHN","countryName":"China","source":"Natural Earth 1:10m ports"},"geometry":{"type":"Point","coordinates":[118.75,32.08]}},{"type":"Feature","id":"port-1730088497","properties":{"id":"port-1730088497","name":"Hankow","scalerank":7,"isMajor":false,"provinceId":"CHN-1807","provinceName":"Hubei","countryIso3":"CHN","countryName":"China","source":"Natural Earth 1:10m ports"},"geometry":{"type":"Point","coordinates":[114.28,30.58]}},{"type":"Feature","id":"port-1730088499","properties":{"id":"port-1730088499","name":"Chang Sha","scalerank":7,"isMajor":false,"provinceId":"CHN-1808","provinceName":"Hunan","countryIso3":"CHN","countryName":"China","source":"Natural Earth 1:10m ports"},"geometry":{"type":"Point","coordinates":[112.98,28.2]}},{"type":"Feature","id":"port-1730088501","properties":{"id":"port-1730088501","name":"Khabarovsk","scalerank":7,"isMajor":false,"provinceId":"RUS-2614","provinceName":"Khabarovsk","countryIso3":"RUS","countryName":"Russia","source":"Natural Earth 1:10m ports"},"geometry":{"type":"Point","coordinates":[135.16,48.5]}},{"type":"Feature","id":"port-1730088503","properties":{"id":"port-1730088503","name":"Petropavlovsk","scalerank":7,"isMajor":false,"provinceId":"RUS-3468","provinceName":"Kamchatka","countryIso3":"RUS","countryName":"Russia","source":"Natural Earth 1:10m ports"},"geometry":{"type":"Point","coordinates":[158.65,53.05]}},{"type":"Feature","id":"port-1730088505","properties":{"id":"port-1730088505","name":"Namibe","scalerank":6,"isMajor":false,"provinceId":"AGO-1893","provinceName":"Namibe","countryIso3":"AGO","countryName":"Angola","source":"Natural Earth 1:10m ports"},"geometry":{"type":"Point","coordinates":[12.13545347,-15.19361111]}},{"type":"Feature","id":"port-1730088507","properties":{"id":"port-1730088507","name":"Bahia Blanca","scalerank":6,"isMajor":false,"provinceId":"ARG-1295","provinceName":"Buenos Aires","countryIso3":"ARG","countryName":"Argentina","source":"Natural Earth 1:10m ports"},"geometry":{"type":"Point","coordinates":[-62.27090695,-38.79138889]}},{"type":"Feature","id":"port-1730088509","properties":{"id":"port-1730088509","name":"La Plata","scalerank":6,"isMajor":false,"provinceId":"ARG-1295","provinceName":"Buenos Aires","countryIso3":"ARG","countryName":"Argentina","source":"Natural Earth 1:10m ports"},"geometry":{"type":"Point","coordinates":[-57.89022379,-34.85527778]}},{"type":"Feature","id":"port-1730088511","properties":{"id":"port-1730088511","name":"Ushuaia","scalerank":6,"isMajor":false,"provinceId":"ARG-1272","provinceName":"Tierra del Fuego","countryIso3":"ARG","countryName":"Argentina","source":"Natural Earth 1:10m ports"},"geometry":{"type":"Point","coordinates":[-68.30088339,-54.80944444]}},{"type":"Feature","id":"port-1730088515","properties":{"id":"port-1730088515","name":"Puerto Madryn","scalerank":6,"isMajor":false,"provinceId":"ARG-1274","provinceName":"Chubut","countryIso3":"ARG","countryName":"Argentina","source":"Natural Earth 1:10m ports"},"geometry":{"type":"Point","coordinates":[-65.03333333,-42.73611111]}},{"type":"Feature","id":"port-1730088517","properties":{"id":"port-1730088517","name":"Pago Pago","scalerank":6,"isMajor":false,"provinceId":"ASM-4998","provinceName":"Eastern","countryIso3":"ASM","countryName":"American Samoa","source":"Natural Earth 1:10m ports"},"geometry":{"type":"Point","coordinates":[-170.687927,-14.27416667]}},{"type":"Feature","id":"port-1730088519","properties":{"id":"port-1730088519","name":"Mackay","scalerank":6,"isMajor":false,"provinceId":"AUS-2657","provinceName":"Queensland","countryIso3":"AUS","countryName":"Australia","source":"Natural Earth 1:10m ports"},"geometry":{"type":"Point","coordinates":[149.2237338,-21.10833333]}},{"type":"Feature","id":"port-1730088521","properties":{"id":"port-1730088521","name":"Port Lincoln","scalerank":6,"isMajor":false,"provinceId":"AUS-2655","provinceName":"South Australia","countryIso3":"AUS","countryName":"Australia","source":"Natural Earth 1:10m ports"},"geometry":{"type":"Point","coordinates":[135.8694935,-34.71833333]}},{"type":"Feature","id":"port-1730088523","properties":{"id":"port-1730088523","name":"Port Pirie","scalerank":6,"isMajor":false,"provinceId":"AUS-2655","provinceName":"South Australia","countryIso3":"AUS","countryName":"Australia","source":"Natural Earth 1:10m ports"},"geometry":{"type":"Point","coordinates":[138.0072438,-33.17694444]}},{"type":"Feature","id":"port-1730088525","properties":{"id":"port-1730088525","name":"Albany","scalerank":6,"isMajor":false,"provinceId":"AUS-2651","provinceName":"Western Australia","countryIso3":"AUS","countryName":"Australia","source":"Natural Earth 1:10m ports"},"geometry":{"type":"Point","coordinates":[117.8866902,-35.03166667]}},{"type":"Feature","id":"port-1730088527","properties":{"id":"port-1730088527","name":"Barrow Island","scalerank":6,"isMajor":false,"provinceId":"AUS-2651","provinceName":"Western Australia","countryIso3":"AUS","countryName":"Australia","source":"Natural Earth 1:10m ports"},"geometry":{"type":"Point","coordinates":[115.4709069,-20.72583333]}},{"type":"Feature","id":"port-1730088529","properties":{"id":"port-1730088529","name":"Bunbury","scalerank":6,"isMajor":false,"provinceId":"AUS-2651","provinceName":"Western Australia","countryIso3":"AUS","countryName":"Australia","source":"Natural Earth 1:10m ports"},"geometry":{"type":"Point","coordinates":[115.6512367,-33.31527778]}},{"type":"Feature","id":"port-1730088533","properties":{"id":"port-1730088533","name":"Burnie","scalerank":6,"isMajor":false,"provinceId":"AUS-2660","provinceName":"Tasmania","countryIso3":"AUS","countryName":"Australia","source":"Natural Earth 1:10m ports"},"geometry":{"type":"Point","coordinates":[145.9081272,-41.05277778]}},{"type":"Feature","id":"port-1730088535","properties":{"id":"port-1730088535","name":"Geelong","scalerank":6,"isMajor":false,"provinceId":"AUS-2656","provinceName":"Victoria","countryIso3":"AUS","countryName":"Australia","source":"Natural Earth 1:10m ports"},"geometry":{"type":"Point","coordinates":[144.3873969,-38.12666667]}},{"type":"Feature","id":"port-1730088537","properties":{"id":"port-1730088537","name":"Gladstone","scalerank":6,"isMajor":false,"provinceId":"AUS-2657","provinceName":"Queensland","countryIso3":"AUS","countryName":"Australia","source":"Natural Earth 1:10m ports"},"geometry":{"type":"Point","coordinates":[151.2517668,-23.83]}},{"type":"Feature","id":"port-1730088539","properties":{"id":"port-1730088539","name":"Newcastle","scalerank":6,"isMajor":false,"provinceId":"AUS-2654","provinceName":"New South Wales","countryIso3":"AUS","countryName":"Australia","source":"Natural Earth 1:10m ports"},"geometry":{"type":"Point","coordinates":[151.7691402,-32.9075]}},{"type":"Feature","id":"port-1730088541","properties":{"id":"port-1730088541","name":"Port Kembla","scalerank":6,"isMajor":false,"provinceId":"AUS-2654","provinceName":"New South Wales","countryIso3":"AUS","countryName":"Australia","source":"Natural Earth 1:10m ports"},"geometry":{"type":"Point","coordinates":[150.8935807,-34.4625]}},{"type":"Feature","id":"port-1730088543","properties":{"id":"port-1730088543","name":"Portland","scalerank":6,"isMajor":false,"provinceId":"AUS-2656","provinceName":"Victoria","countryIso3":"AUS","countryName":"Australia","source":"Natural Earth 1:10m ports"},"geometry":{"type":"Point","coordinates":[141.609364,-38.34916667]}},{"type":"Feature","id":"port-1730088545","properties":{"id":"port-1730088545","name":"Thursday Island","scalerank":6,"isMajor":false,"provinceId":"AUS-2657","provinceName":"Queensland","countryIso3":"AUS","countryName":"Australia","source":"Natural Earth 1:10m ports"},"geometry":{"type":"Point","coordinates":[142.2189635,-10.58555556]}},{"type":"Feature","id":"port-1730088547","properties":{"id":"port-1730088547","name":"Townsville","scalerank":6,"isMajor":false,"provinceId":"AUS-2657","provinceName":"Queensland","countryIso3":"AUS","countryName":"Australia","source":"Natural Earth 1:10m ports"},"geometry":{"type":"Point","coordinates":[146.8247939,-19.25083333]}},{"type":"Feature","id":"port-1730088551","properties":{"id":"port-1730088551","name":"Weipa","scalerank":6,"isMajor":false,"provinceId":"AUS-2657","provinceName":"Queensland","countryIso3":"AUS","countryName":"Australia","source":"Natural Earth 1:10m ports"},"geometry":{"type":"Point","coordinates":[141.8666667,-12.67]}},{"type":"Feature","id":"port-1730088553","properties":{"id":"port-1730088553","name":"Whyalla","scalerank":6,"isMajor":false,"provinceId":"AUS-2655","provinceName":"South Australia","countryIso3":"AUS","countryName":"Australia","source":"Natural Earth 1:10m ports"},"geometry":{"type":"Point","coordinates":[137.5907538,-33.03833333]}},{"type":"Feature","id":"port-1730088555","properties":{"id":"port-1730088555","name":"Wyndham","scalerank":6,"isMajor":false,"provinceId":"AUS-2651","provinceName":"Western Australia","countryIso3":"AUS","countryName":"Australia","source":"Natural Earth 1:10m ports"},"geometry":{"type":"Point","coordinates":[128.1008834,-15.45138889]}},{"type":"Feature","id":"port-1730088557","properties":{"id":"port-1730088557","name":"Brussel (Bruxelles)","scalerank":6,"isMajor":false,"provinceId":"BEL-3474","provinceName":"Brussels","countryIso3":"BEL","countryName":"Belgium","source":"Natural Earth 1:10m ports"},"geometry":{"type":"Point","coordinates":[4.386160188,50.88611111]}},{"type":"Feature","id":"port-1730088559","properties":{"id":"port-1730088559","name":"Gent (Ghent)","scalerank":6,"isMajor":false,"provinceId":"BEL-3478","provinceName":"East Flanders","countryIso3":"BEL","countryName":"Belgium","source":"Natural Earth 1:10m ports"},"geometry":{"type":"Point","coordinates":[3.76737338,51.11444444]}},{"type":"Feature","id":"port-1730088561","properties":{"id":"port-1730088561","name":"Ilheus","scalerank":6,"isMajor":false,"provinceId":"BRA-624","provinceName":"Bahia","countryIso3":"BRA","countryName":"Brazil","source":"Natural Earth 1:10m ports"},"geometry":{"type":"Point","coordinates":[-39.02567727,-14.78027778]}},{"type":"Feature","id":"port-1730088563","properties":{"id":"port-1730088563","name":"Maceio","scalerank":6,"isMajor":false,"provinceId":"BRA-623","provinceName":"Alagoas","countryIso3":"BRA","countryName":"Brazil","source":"Natural Earth 1:10m ports"},"geometry":{"type":"Point","coordinates":[-35.72232038,-9.678888889]}},{"type":"Feature","id":"port-1730088565","properties":{"id":"port-1730088565","name":"Natal","scalerank":6,"isMajor":false,"provinceId":"BRA-628","provinceName":"Rio Grande do Norte","countryIso3":"BRA","countryName":"Brazil","source":"Natural Earth 1:10m ports"},"geometry":{"type":"Point","coordinates":[-35.2,-5.783055556]}},{"type":"Feature","id":"port-1730088569","properties":{"id":"port-1730088569","name":"Rio Grande","scalerank":6,"isMajor":false,"provinceId":"BRA-612","provinceName":"Rio Grande do Sul","countryIso3":"BRA","countryName":"Brazil","source":"Natural Earth 1:10m ports"},"geometry":{"type":"Point","coordinates":[-52.0762073,-32.05611111]}},{"type":"Feature","id":"port-1730088571","properties":{"id":"port-1730088571","name":"Vitoria","scalerank":6,"isMajor":false,"provinceId":"BRA-625","provinceName":"Espírito Santo","countryIso3":"BRA","countryName":"Brazil","source":"Natural Earth 1:10m ports"},"geometry":{"type":"Point","coordinates":[-40.33510012,-20.32333333]}},{"type":"Feature","id":"port-1730088573","properties":{"id":"port-1730088573","name":"Ocean Falls","scalerank":6,"isMajor":false,"provinceId":"CAN-633","provinceName":"British Columbia","countryIso3":"CAN","countryName":"Canada","source":"Natural Earth 1:10m ports"},"geometry":{"type":"Point","coordinates":[-127.6888104,52.35083333]}},{"type":"Feature","id":"port-1730088575","properties":{"id":"port-1730088575","name":"Argentia","scalerank":6,"isMajor":false,"provinceId":"CAN-686","provinceName":"Newfoundland and Labrador","countryIso3":"CAN","countryName":"Canada","source":"Natural Earth 1:10m ports"},"geometry":{"type":"Point","coordinates":[-53.9868669,47.29305556]}},{"type":"Feature","id":"port-1730088577","properties":{"id":"port-1730088577","name":"Bathurst","scalerank":6,"isMajor":false,"provinceId":"CAN-684","provinceName":"New Brunswick","countryIso3":"CAN","countryName":"Canada","source":"Natural Earth 1:10m ports"},"geometry":{"type":"Point","coordinates":[-65.65,47.61666667]}},{"type":"Feature","id":"port-1730088579","properties":{"id":"port-1730088579","name":"Gaspe","scalerank":6,"isMajor":false,"provinceId":"CAN-683","provinceName":"Québec","countryIso3":"CAN","countryName":"Canada","source":"Natural Earth 1:10m ports"},"geometry":{"type":"Point","coordinates":[-64.43722026,48.82444444]}},{"type":"Feature","id":"port-1730088581","properties":{"id":"port-1730088581","name":"Port Alberni","scalerank":6,"isMajor":false,"provinceId":"CAN-633","provinceName":"British Columbia","countryIso3":"CAN","countryName":"Canada","source":"Natural Earth 1:10m ports"},"geometry":{"type":"Point","coordinates":[-124.8193168,49.23]}},{"type":"Feature","id":"port-1730088583","properties":{"id":"port-1730088583","name":"Powell River","scalerank":6,"isMajor":false,"provinceId":"CAN-633","provinceName":"British Columbia","countryIso3":"CAN","countryName":"Canada","source":"Natural Earth 1:10m ports"},"geometry":{"type":"Point","coordinates":[-124.5247939,49.835]}},{"type":"Feature","id":"port-1730088587","properties":{"id":"port-1730088587","name":"Sept-Iles","scalerank":6,"isMajor":false,"provinceId":"CAN-683","provinceName":"Québec","countryIso3":"CAN","countryName":"Canada","source":"Natural Earth 1:10m ports"},"geometry":{"type":"Point","coordinates":[-66.38386337,50.20638889]}},{"type":"Feature","id":"port-1730088589","properties":{"id":"port-1730088589","name":"Sydney","scalerank":6,"isMajor":false,"provinceId":"CAN-685","provinceName":"Nova Scotia","countryIso3":"CAN","countryName":"Canada","source":"Natural Earth 1:10m ports"},"geometry":{"type":"Point","coordinates":[-60.20300353,46.14194444]}},{"type":"Feature","id":"port-1730088591","properties":{"id":"port-1730088591","name":"Trois-Rivieres (Three Rivers)","scalerank":6,"isMajor":false,"provinceId":"CAN-683","provinceName":"Québec","countryIso3":"CAN","countryName":"Canada","source":"Natural Earth 1:10m ports"},"geometry":{"type":"Point","coordinates":[-72.53898704,46.33583333]}},{"type":"Feature","id":"port-1730088593","properties":{"id":"port-1730088593","name":"Yarmouth","scalerank":6,"isMajor":false,"provinceId":"CAN-685","provinceName":"Nova Scotia","countryIso3":"CAN","countryName":"Canada","source":"Natural Earth 1:10m ports"},"geometry":{"type":"Point","coordinates":[-66.12090695,43.83555556]}},{"type":"Feature","id":"port-1730088595","properties":{"id":"port-1730088595","name":"Rimouski","scalerank":6,"isMajor":false,"provinceId":"CAN-683","provinceName":"Québec","countryIso3":"CAN","countryName":"Canada","source":"Natural Earth 1:10m ports"},"geometry":{"type":"Point","coordinates":[-68.50812721,48.47777778]}},{"type":"Feature","id":"port-1730088597","properties":{"id":"port-1730088597","name":"Riviere-du-Loup","scalerank":6,"isMajor":false,"provinceId":"CAN-683","provinceName":"Québec","countryIso3":"CAN","countryName":"Canada","source":"Natural Earth 1:10m ports"},"geometry":{"type":"Point","coordinates":[-69.56808009,47.84666667]}},{"type":"Feature","id":"port-1730088599","properties":{"id":"port-1730088599","name":"Saint-Anthony","scalerank":6,"isMajor":false,"provinceId":"CAN-686","provinceName":"Newfoundland and Labrador","countryIso3":"CAN","countryName":"Canada","source":"Natural Earth 1:10m ports"},"geometry":{"type":"Point","coordinates":[-55.57709069,51.36666667]}},{"type":"Feature","id":"port-1730088601","properties":{"id":"port-1730088601","name":"Summerside","scalerank":6,"isMajor":false,"provinceId":"CAN-687","provinceName":"Prince Edward Island","countryIso3":"CAN","countryName":"Canada","source":"Natural Earth 1:10m ports"},"geometry":{"type":"Point","coordinates":[-63.78704358,46.38861111]}},{"type":"Feature","id":"port-1730088605","properties":{"id":"port-1730088605","name":"Arica","scalerank":6,"isMajor":false,"provinceId":"CHL-2694","provinceName":"Arica y Parinacota","countryIso3":"CHL","countryName":"Chile","source":"Natural Earth 1:10m ports"},"geometry":{"type":"Point","coordinates":[-70.32196702,-18.47305556]}},{"type":"Feature","id":"port-1730088607","properties":{"id":"port-1730088607","name":"Tocopilla","scalerank":6,"isMajor":false,"provinceId":"CHL-2695","provinceName":"Antofagasta","countryIso3":"CHL","countryName":"Chile","source":"Natural Earth 1:10m ports"},"geometry":{"type":"Point","coordinates":[-70.20565371,-22.08611111]}},{"type":"Feature","id":"port-1730088609","properties":{"id":"port-1730088609","name":"Beihai","scalerank":6,"isMajor":false,"provinceId":"CHN-1152","provinceName":"Guangxi","countryIso3":"CHN","countryName":"China","source":"Natural Earth 1:10m ports"},"geometry":{"type":"Point","coordinates":[109.0705536,21.45861111]}},{"type":"Feature","id":"port-1730088611","properties":{"id":"port-1730088611","name":"Jiangmen","scalerank":6,"isMajor":false,"provinceId":"CHN-1180","provinceName":"Guangdong","countryIso3":"CHN","countryName":"China","source":"Natural Earth 1:10m ports"},"geometry":{"type":"Point","coordinates":[113.0019435,22.5025]}},{"type":"Feature","id":"port-1730088613","properties":{"id":"port-1730088613","name":"Wenzhou","scalerank":6,"isMajor":false,"provinceId":"CHN-1820","provinceName":"Zhejiang","countryIso3":"CHN","countryName":"China","source":"Natural Earth 1:10m ports"},"geometry":{"type":"Point","coordinates":[120.8847468,27.99833333]}},{"type":"Feature","id":"port-1730088615","properties":{"id":"port-1730088615","name":"Yantai","scalerank":6,"isMajor":false,"provinceId":"CHN-1814","provinceName":"Shandong","countryIso3":"CHN","countryName":"China","source":"Natural Earth 1:10m ports"},"geometry":{"type":"Point","coordinates":[121.388987,37.57111111]}},{"type":"Feature","id":"port-1730088617","properties":{"id":"port-1730088617","name":"Zhuhai","scalerank":6,"isMajor":false,"provinceId":"CHN-1180","provinceName":"Guangdong","countryIso3":"CHN","countryName":"China","source":"Natural Earth 1:10m ports"},"geometry":{"type":"Point","coordinates":[113.5842167,22.23972222]}},{"type":"Feature","id":"port-1730088619","properties":{"id":"port-1730088619","name":"Santa Marta","scalerank":6,"isMajor":false,"provinceId":"COL-1416","provinceName":"Magdalena","countryIso3":"COL","countryName":"Colombia","source":"Natural Earth 1:10m ports"},"geometry":{"type":"Point","coordinates":[-74.21702002,11.25194444]}},{"type":"Feature","id":"port-1730088623","properties":{"id":"port-1730088623","name":"Buenaventura","scalerank":6,"isMajor":false,"provinceId":"COL-1408","provinceName":"Valle del Cauca","countryIso3":"COL","countryName":"Colombia","source":"Natural Earth 1:10m ports"},"geometry":{"type":"Point","coordinates":[-77.05335689,3.883055556]}},{"type":"Feature","id":"port-1730088625","properties":{"id":"port-1730088625","name":"Praia","scalerank":6,"isMajor":false,"provinceId":"CPV-5053","provinceName":"Praia","countryIso3":"CPV","countryName":"Cape Verde","source":"Natural Earth 1:10m ports"},"geometry":{"type":"Point","coordinates":[-23.50318021,14.94472222]}},{"type":"Feature","id":"port-1730088627","properties":{"id":"port-1730088627","name":"Golfito","scalerank":6,"isMajor":false,"provinceId":"CRI-1330","provinceName":"Puntarenas","countryIso3":"CRI","countryName":"Costa Rica","source":"Natural Earth 1:10m ports"},"geometry":{"type":"Point","coordinates":[-83.16666667,8.637777778]}},{"type":"Feature","id":"port-1730088629","properties":{"id":"port-1730088629","name":"Cienfuegos","scalerank":6,"isMajor":false,"provinceId":"CUB-1319","provinceName":"Cienfuegos","countryIso3":"CUB","countryName":"Cuba","source":"Natural Earth 1:10m ports"},"geometry":{"type":"Point","coordinates":[-80.45371025,22.14]}},{"type":"Feature","id":"port-1730088631","properties":{"id":"port-1730088631","name":"Manzanillo","scalerank":6,"isMajor":false,"provinceId":"CUB-1366","provinceName":"Granma","countryIso3":"CUB","countryName":"Cuba","source":"Natural Earth 1:10m ports"},"geometry":{"type":"Point","coordinates":[-77.13351001,20.3375]}},{"type":"Feature","id":"port-1730088633","properties":{"id":"port-1730088633","name":"Matanzas","scalerank":6,"isMajor":false,"provinceId":"CUB-1430","provinceName":"Matanzas","countryIso3":"CUB","countryName":"Cuba","source":"Natural Earth 1:10m ports"},"geometry":{"type":"Point","coordinates":[-81.53704358,23.05138889]}},{"type":"Feature","id":"port-1730088635","properties":{"id":"port-1730088635","name":"Santiago de Cuba","scalerank":6,"isMajor":false,"provinceId":"CUB-1369","provinceName":"Santiago de Cuba","countryIso3":"CUB","countryName":"Cuba","source":"Natural Earth 1:10m ports"},"geometry":{"type":"Point","coordinates":[-75.85671378,20.00166667]}},{"type":"Feature","id":"port-1730088637","properties":{"id":"port-1730088637","name":"Emden","scalerank":6,"isMajor":false,"provinceId":"DEU-1576","provinceName":"Niedersachsen","countryIso3":"DEU","countryName":"Germany","source":"Natural Earth 1:10m ports"},"geometry":{"type":"Point","coordinates":[7.192873969,53.34611111]}},{"type":"Feature","id":"port-1730088641","properties":{"id":"port-1730088641","name":"Flensburg","scalerank":6,"isMajor":false,"provinceId":"DEU-1579","provinceName":"Schleswig-Holstein","countryIso3":"DEU","countryName":"Germany","source":"Natural Earth 1:10m ports"},"geometry":{"type":"Point","coordinates":[9.436866902,54.80333333]}},{"type":"Feature","id":"port-1730088643","properties":{"id":"port-1730088643","name":"Wilhelmshaven","scalerank":6,"isMajor":false,"provinceId":"DEU-1576","provinceName":"Niedersachsen","countryIso3":"DEU","countryName":"Germany","source":"Natural Earth 1:10m ports"},"geometry":{"type":"Point","coordinates":[8.122143698,53.53]}},{"type":"Feature","id":"port-1730088645","properties":{"id":"port-1730088645","name":"Esbjerg","scalerank":6,"isMajor":false,"provinceId":"DNK-3417","provinceName":"Syddanmark","countryIso3":"DNK","countryName":"Denmark","source":"Natural Earth 1:10m ports"},"geometry":{"type":"Point","coordinates":[8.433863369,55.46555556]}},{"type":"Feature","id":"port-1730088647","properties":{"id":"port-1730088647","name":"Odense","scalerank":6,"isMajor":false,"provinceId":"DNK-3417","provinceName":"Syddanmark","countryIso3":"DNK","countryName":"Denmark","source":"Natural Earth 1:10m ports"},"geometry":{"type":"Point","coordinates":[10.3868669,55.4175]}},{"type":"Feature","id":"port-1730088649","properties":{"id":"port-1730088649","name":"Sonderborg","scalerank":6,"isMajor":false,"provinceId":"DNK-3417","provinceName":"Syddanmark","countryIso3":"DNK","countryName":"Denmark","source":"Natural Earth 1:10m ports"},"geometry":{"type":"Point","coordinates":[9.776737338,54.90694444]}},{"type":"Feature","id":"port-1730088651","properties":{"id":"port-1730088651","name":"Ronne","scalerank":6,"isMajor":false,"provinceId":"DNK-3419","provinceName":"Hovedstaden","countryIso3":"DNK","countryName":"Denmark","source":"Natural Earth 1:10m ports"},"geometry":{"type":"Point","coordinates":[14.68775029,55.09611111]}},{"type":"Feature","id":"port-1730088653","properties":{"id":"port-1730088653","name":"Barahona","scalerank":6,"isMajor":false,"provinceId":"DOM-1970","provinceName":"Barahona","countryIso3":"DOM","countryName":"Dominican Republic","source":"Natural Earth 1:10m ports"},"geometry":{"type":"Point","coordinates":[-71.08651355,18.21222222]}},{"type":"Feature","id":"port-1730088655","properties":{"id":"port-1730088655","name":"Cabo Rojo","scalerank":6,"isMajor":false,"provinceId":"DOM-1973","provinceName":"Pedernales","countryIso3":"DOM","countryName":"Dominican Republic","source":"Natural Earth 1:10m ports"},"geometry":{"type":"Point","coordinates":[-71.654947,17.92527778]}},{"type":"Feature","id":"port-1730088659","properties":{"id":"port-1730088659","name":"Oran","scalerank":6,"isMajor":false,"provinceId":"DZA-2145","provinceName":"Oran","countryIso3":"DZA","countryName":"Algeria","source":"Natural Earth 1:10m ports"},"geometry":{"type":"Point","coordinates":[-0.636690224,35.7125]}},{"type":"Feature","id":"port-1730088661","properties":{"id":"port-1730088661","name":"A Coruna","scalerank":6,"isMajor":false,"provinceId":"ESP-5827","provinceName":"La Coruña","countryIso3":"ESP","countryName":"Spain","source":"Natural Earth 1:10m ports"},"geometry":{"type":"Point","coordinates":[-8.387926973,43.36305556]}},{"type":"Feature","id":"port-1730088663","properties":{"id":"port-1730088663","name":"Almeria","scalerank":6,"isMajor":false,"provinceId":"ESP-5804","provinceName":"Almería","countryIso3":"ESP","countryName":"Spain","source":"Natural Earth 1:10m ports"},"geometry":{"type":"Point","coordinates":[-2.471260306,36.83222222]}},{"type":"Feature","id":"port-1730088665","properties":{"id":"port-1730088665","name":"Gijon","scalerank":6,"isMajor":false,"provinceId":"ESP-5805","provinceName":"Asturias","countryIso3":"ESP","countryName":"Spain","source":"Natural Earth 1:10m ports"},"geometry":{"type":"Point","coordinates":[-5.688633687,43.55861111]}},{"type":"Feature","id":"port-1730088667","properties":{"id":"port-1730088667","name":"San Sebastian","scalerank":6,"isMajor":false,"provinceId":"ESP-5823","provinceName":"Gipuzkoa","countryIso3":"ESP","countryName":"Spain","source":"Natural Earth 1:10m ports"},"geometry":{"type":"Point","coordinates":[-1.986866902,43.32277778]}},{"type":"Feature","id":"port-1730088669","properties":{"id":"port-1730088669","name":"Santander","scalerank":6,"isMajor":false,"provinceId":"ESP-5813","provinceName":"Cantabria","countryIso3":"ESP","countryName":"Spain","source":"Natural Earth 1:10m ports"},"geometry":{"type":"Point","coordinates":[-3.804946996,43.44222222]}},{"type":"Feature","id":"port-1730088671","properties":{"id":"port-1730088671","name":"Tarragona","scalerank":6,"isMajor":false,"provinceId":"ESP-5846","provinceName":"Tarragona","countryIso3":"ESP","countryName":"Spain","source":"Natural Earth 1:10m ports"},"geometry":{"type":"Point","coordinates":[1.220200236,41.09611111]}},{"type":"Feature","id":"port-1730088673","properties":{"id":"port-1730088673","name":"Oulu","scalerank":6,"isMajor":false,"provinceId":"FIN-3180","provinceName":"Northern Ostrobothnia","countryIso3":"FIN","countryName":"Finland","source":"Natural Earth 1:10m ports"},"geometry":{"type":"Point","coordinates":[25.45459364,65.01583333]}},{"type":"Feature","id":"port-1730088677","properties":{"id":"port-1730088677","name":"Bayonne","scalerank":6,"isMajor":false,"provinceId":"FRA-5336","provinceName":"Pyrénées-Atlantiques","countryIso3":"FRA","countryName":"France","source":"Natural Earth 1:10m ports"},"geometry":{"type":"Point","coordinates":[-1.493757362,43.51972222]}},{"type":"Feature","id":"port-1730088679","properties":{"id":"port-1730088679","name":"Boulogne-sur-Mer","scalerank":6,"isMajor":false,"provinceId":"FRA-5334","provinceName":"Pas-de-Calais","countryIso3":"FRA","countryName":"France","source":"Natural Earth 1:10m ports"},"geometry":{"type":"Point","coordinates":[1.575500589,50.72361111]}},{"type":"Feature","id":"port-1730088681","properties":{"id":"port-1730088681","name":"Brest","scalerank":6,"isMajor":false,"provinceId":"FRA-5292","provinceName":"Finistère","countryIso3":"FRA","countryName":"France","source":"Natural Earth 1:10m ports"},"geometry":{"type":"Point","coordinates":[-4.471436985,48.38055556]}},{"type":"Feature","id":"port-1730088683","properties":{"id":"port-1730088683","name":"Cannes","scalerank":6,"isMajor":false,"provinceId":"FRA-5266","provinceName":"Alpes-Maritimes","countryIso3":"FRA","countryName":"France","source":"Natural Earth 1:10m ports"},"geometry":{"type":"Point","coordinates":[7.009187279,43.54805556]}},{"type":"Feature","id":"port-1730088685","properties":{"id":"port-1730088685","name":"Cherbourg","scalerank":6,"isMajor":false,"provinceId":"FRA-5322","provinceName":"Manche","countryIso3":"FRA","countryName":"France","source":"Natural Earth 1:10m ports"},"geometry":{"type":"Point","coordinates":[-1.617550059,49.65222222]}},{"type":"Feature","id":"port-1730088687","properties":{"id":"port-1730088687","name":"Dieppe","scalerank":6,"isMajor":false,"provinceId":"FRA-5343","provinceName":"Seine-Maritime","countryIso3":"FRA","countryName":"France","source":"Natural Earth 1:10m ports"},"geometry":{"type":"Point","coordinates":[1.08598351,49.92638889]}},{"type":"Feature","id":"port-1730088689","properties":{"id":"port-1730088689","name":"Granville","scalerank":6,"isMajor":false,"provinceId":"FRA-5322","provinceName":"Manche","countryIso3":"FRA","countryName":"France","source":"Natural Earth 1:10m ports"},"geometry":{"type":"Point","coordinates":[-1.601060071,48.83472222]}},{"type":"Feature","id":"port-1730088691","properties":{"id":"port-1730088691","name":"La Rochelle","scalerank":6,"isMajor":false,"provinceId":"FRA-5278","provinceName":"Charente-Maritime","countryIso3":"FRA","countryName":"France","source":"Natural Earth 1:10m ports"},"geometry":{"type":"Point","coordinates":[-1.157773852,46.14666667]}},{"type":"Feature","id":"port-1730088695","properties":{"id":"port-1730088695","name":"Lorient","scalerank":6,"isMajor":false,"provinceId":"FRA-5327","provinceName":"Morbihan","countryIso3":"FRA","countryName":"France","source":"Natural Earth 1:10m ports"},"geometry":{"type":"Point","coordinates":[-3.352120141,47.73416667]}},{"type":"Feature","id":"port-1730088697","properties":{"id":"port-1730088697","name":"Morlaix","scalerank":6,"isMajor":false,"provinceId":"FRA-5292","provinceName":"Finistère","countryIso3":"FRA","countryName":"France","source":"Natural Earth 1:10m ports"},"geometry":{"type":"Point","coordinates":[-3.834923439,48.58527778]}},{"type":"Feature","id":"port-1730088699","properties":{"id":"port-1730088699","name":"Rochefort","scalerank":6,"isMajor":false,"provinceId":"FRA-5278","provinceName":"Charente-Maritime","countryIso3":"FRA","countryName":"France","source":"Natural Earth 1:10m ports"},"geometry":{"type":"Point","coordinates":[-0.953003534,45.94916667]}},{"type":"Feature","id":"port-1730088701","properties":{"id":"port-1730088701","name":"Toulon","scalerank":6,"isMajor":false,"provinceId":"FRA-5351","provinceName":"Var","countryIso3":"FRA","countryName":"France","source":"Natural Earth 1:10m ports"},"geometry":{"type":"Point","coordinates":[5.904770318,43.11055556]}},{"type":"Feature","id":"port-1730088703","properties":{"id":"port-1730088703","name":"Owendo","scalerank":6,"isMajor":false,"provinceId":"GAB-2168","provinceName":"Estuaire","countryIso3":"GAB","countryName":"Gabon","source":"Natural Earth 1:10m ports"},"geometry":{"type":"Point","coordinates":[9.500883392,0.288333333]}},{"type":"Feature","id":"port-1730088705","properties":{"id":"port-1730088705","name":"Aberdeen","scalerank":6,"isMajor":false,"provinceId":"GBR-2012","provinceName":"Aberdeen","countryIso3":"GBR","countryName":"United Kingdom","source":"Natural Earth 1:10m ports"},"geometry":{"type":"Point","coordinates":[-2.074617197,57.14222222]}},{"type":"Feature","id":"port-1730088707","properties":{"id":"port-1730088707","name":"Liverpool","scalerank":6,"isMajor":false,"provinceId":"GBR-5668","provinceName":"Liverpool","countryIso3":"GBR","countryName":"United Kingdom","source":"Natural Earth 1:10m ports"},"geometry":{"type":"Point","coordinates":[-3.007243816,53.43638889]}},{"type":"Feature","id":"port-1730088709","properties":{"id":"port-1730088709","name":"Plymouth","scalerank":6,"isMajor":false,"provinceId":"GBR-2141","provinceName":"Plymouth","countryIso3":"GBR","countryName":"United Kingdom","source":"Natural Earth 1:10m ports"},"geometry":{"type":"Point","coordinates":[-4.154063604,50.36472222]}},{"type":"Feature","id":"port-1730088713","properties":{"id":"port-1730088713","name":"Portsmouth","scalerank":6,"isMajor":false,"provinceId":"GBR-2759","provinceName":"Portsmouth","countryIso3":"GBR","countryName":"United Kingdom","source":"Natural Earth 1:10m ports"},"geometry":{"type":"Point","coordinates":[-1.1,50.8075]}},{"type":"Feature","id":"port-1730088715","properties":{"id":"port-1730088715","name":"Batumi","scalerank":6,"isMajor":false,"provinceId":"GEO-3027","provinceName":"Ajaria","countryIso3":"GEO","countryName":"Georgia","source":"Natural Earth 1:10m ports"},"geometry":{"type":"Point","coordinates":[41.65053004,41.64888889]}},{"type":"Feature","id":"port-1730088717","properties":{"id":"port-1730088717","name":"Kavala","scalerank":6,"isMajor":false,"provinceId":"GRC-3001","provinceName":"Anatoliki Makedonia kai Thraki","countryIso3":"GRC","countryName":"Greece","source":"Natural Earth 1:10m ports"},"geometry":{"type":"Point","coordinates":[24.40194346,40.93138889]}},{"type":"Feature","id":"port-1730088719","properties":{"id":"port-1730088719","name":"Chios","scalerank":6,"isMajor":false,"provinceId":"GRC-2988","provinceName":"Voreio Aigaio","countryIso3":"GRC","countryName":"Greece","source":"Natural Earth 1:10m ports"},"geometry":{"type":"Point","coordinates":[26.13775029,38.37722222]}},{"type":"Feature","id":"port-1730088721","properties":{"id":"port-1730088721","name":"Kalamata","scalerank":6,"isMajor":false,"provinceId":"GRC-2885","provinceName":"Peloponnisos","countryIso3":"GRC","countryName":"Greece","source":"Natural Earth 1:10m ports"},"geometry":{"type":"Point","coordinates":[22.10812721,37.02277778]}},{"type":"Feature","id":"port-1730088723","properties":{"id":"port-1730088723","name":"Patras","scalerank":6,"isMajor":false,"provinceId":"GRC-2886","provinceName":"Dytiki Ellada","countryIso3":"GRC","countryName":"Greece","source":"Natural Earth 1:10m ports"},"geometry":{"type":"Point","coordinates":[21.73492344,38.25444444]}},{"type":"Feature","id":"port-1730088725","properties":{"id":"port-1730088725","name":"Volos","scalerank":6,"isMajor":false,"provinceId":"GRC-2900","provinceName":"Thessalia","countryIso3":"GRC","countryName":"Greece","source":"Natural Earth 1:10m ports"},"geometry":{"type":"Point","coordinates":[22.93669022,39.35277778]}},{"type":"Feature","id":"port-1730088727","properties":{"id":"port-1730088727","name":"Uummannaq","scalerank":6,"isMajor":false,"provinceId":"GRL-2743","provinceName":"Qaasuitsup Kommunia","countryIso3":"GRL","countryName":"Greenland","source":"Natural Earth 1:10m ports"},"geometry":{"type":"Point","coordinates":[-52.11914016,70.67472222]}},{"type":"Feature","id":"port-1730088731","properties":{"id":"port-1730088731","name":"Puerto Barrios","scalerank":6,"isMajor":false,"provinceId":"GTM-1959","provinceName":"Izabal","countryIso3":"GTM","countryName":"Guatemala","source":"Natural Earth 1:10m ports"},"geometry":{"type":"Point","coordinates":[-88.6040636,15.72833333]}},{"type":"Feature","id":"port-1730088733","properties":{"id":"port-1730088733","name":"Pula","scalerank":6,"isMajor":false,"provinceId":"HRV-1592","provinceName":"Istarska","countryIso3":"HRV","countryName":"Croatia","source":"Natural Earth 1:10m ports"},"geometry":{"type":"Point","coordinates":[13.83474676,44.87166667]}},{"type":"Feature","id":"port-1730088735","properties":{"id":"port-1730088735","name":"Rijeka","scalerank":6,"isMajor":false,"provinceId":"HRV-1586","provinceName":"Primorsko-Goranska","countryIso3":"HRV","countryName":"Croatia","source":"Natural Earth 1:10m ports"},"geometry":{"type":"Point","coordinates":[14.42232038,45.3275]}},{"type":"Feature","id":"port-1730088737","properties":{"id":"port-1730088737","name":"Split","scalerank":6,"isMajor":false,"provinceId":"HRV-1492","provinceName":"Splitsko-Dalmatinska","countryIso3":"HRV","countryName":"Croatia","source":"Natural Earth 1:10m ports"},"geometry":{"type":"Point","coordinates":[16.42550059,43.515]}},{"type":"Feature","id":"port-1730088739","properties":{"id":"port-1730088739","name":"Banjarmasin","scalerank":6,"isMajor":false,"provinceId":"IDN-1234","provinceName":"Kalimantan Selatan","countryIso3":"IDN","countryName":"Indonesia","source":"Natural Earth 1:10m ports"},"geometry":{"type":"Point","coordinates":[114.5553004,-3.321944444]}},{"type":"Feature","id":"port-1730088741","properties":{"id":"port-1730088741","name":"Tanjung Pandan","scalerank":6,"isMajor":false,"provinceId":"IDN-1231","provinceName":"Bangka-Belitung","countryIso3":"IDN","countryName":"Indonesia","source":"Natural Earth 1:10m ports"},"geometry":{"type":"Point","coordinates":[107.6270907,-2.75]}},{"type":"Feature","id":"port-1730088743","properties":{"id":"port-1730088743","name":"Port Blair","scalerank":6,"isMajor":false,"provinceId":"IND-2474","provinceName":"Andaman and Nicobar","countryIso3":"IND","countryName":"India","source":"Natural Earth 1:10m ports"},"geometry":{"type":"Point","coordinates":[92.72391048,11.67222222]}},{"type":"Feature","id":"port-1730088745","properties":{"id":"port-1730088745","name":"Kandla","scalerank":6,"isMajor":false,"provinceId":"IND-3264","provinceName":"Gujarat","countryIso3":"IND","countryName":"India","source":"Natural Earth 1:10m ports"},"geometry":{"type":"Point","coordinates":[70.22232038,23.01361111]}},{"type":"Feature","id":"port-1730088749","properties":{"id":"port-1730088749","name":"Pondicherry","scalerank":6,"isMajor":false,"provinceId":"IND-3262","provinceName":"Puducherry","countryIso3":"IND","countryName":"India","source":"Natural Earth 1:10m ports"},"geometry":{"type":"Point","coordinates":[79.82232038,11.91416667]}},{"type":"Feature","id":"port-1730088751","properties":{"id":"port-1730088751","name":"Cork","scalerank":6,"isMajor":false,"provinceId":"IRL-5569","provinceName":"Cork","countryIso3":"IRL","countryName":"Ireland","source":"Natural Earth 1:10m ports"},"geometry":{"type":"Point","coordinates":[-8.424440518,51.90111111]}},{"type":"Feature","id":"port-1730088753","properties":{"id":"port-1730088753","name":"Galway","scalerank":6,"isMajor":false,"provinceId":"IRL-5568","provinceName":"Galway","countryIso3":"IRL","countryName":"Ireland","source":"Natural Earth 1:10m ports"},"geometry":{"type":"Point","coordinates":[-9.043757362,53.27]}},{"type":"Feature","id":"port-1730088755","properties":{"id":"port-1730088755","name":"Bushehr","scalerank":6,"isMajor":false,"provinceId":"IRN-3210","provinceName":"Bushehr","countryIso3":"IRN","countryName":"Iran","source":"Natural Earth 1:10m ports"},"geometry":{"type":"Point","coordinates":[50.8368669,28.98472222]}},{"type":"Feature","id":"port-1730088757","properties":{"id":"port-1730088757","name":"Ancona","scalerank":6,"isMajor":false,"provinceId":"ITA-5427","provinceName":"Ancona","countryIso3":"ITA","countryName":"Italy","source":"Natural Earth 1:10m ports"},"geometry":{"type":"Point","coordinates":[13.49234393,43.61833333]}},{"type":"Feature","id":"port-1730088759","properties":{"id":"port-1730088759","name":"Bari","scalerank":6,"isMajor":false,"provinceId":"ITA-5403","provinceName":"Bari","countryIso3":"ITA","countryName":"Italy","source":"Natural Earth 1:10m ports"},"geometry":{"type":"Point","coordinates":[16.85530035,41.13694444]}},{"type":"Feature","id":"port-1730088761","properties":{"id":"port-1730088761","name":"Cagliari","scalerank":6,"isMajor":false,"provinceId":"ITA-5378","provinceName":"Cagliari","countryIso3":"ITA","countryName":"Italy","source":"Natural Earth 1:10m ports"},"geometry":{"type":"Point","coordinates":[9.107597173,39.20416667]}},{"type":"Feature","id":"port-1730088763","properties":{"id":"port-1730088763","name":"Olbia","scalerank":6,"isMajor":false,"provinceId":"ITA-5375","provinceName":"Olbia-Tempio","countryIso3":"ITA","countryName":"Italy","source":"Natural Earth 1:10m ports"},"geometry":{"type":"Point","coordinates":[9.517903416,40.92277778]}},{"type":"Feature","id":"port-1730088767","properties":{"id":"port-1730088767","name":"Pescara","scalerank":6,"isMajor":false,"provinceId":"ITA-5418","provinceName":"Pescara","countryIso3":"ITA","countryName":"Italy","source":"Natural Earth 1:10m ports"},"geometry":{"type":"Point","coordinates":[14.2237338,42.46777778]}},{"type":"Feature","id":"port-1730088769","properties":{"id":"port-1730088769","name":"Reggio Calabria","scalerank":6,"isMajor":false,"provinceId":"ITA-5395","provinceName":"Reggio Calabria","countryIso3":"ITA","countryName":"Italy","source":"Natural Earth 1:10m ports"},"geometry":{"type":"Point","coordinates":[15.64375736,38.12444444]}},{"type":"Feature","id":"port-1730088771","properties":{"id":"port-1730088771","name":"Trapani","scalerank":6,"isMajor":false,"provinceId":"ITA-5409","provinceName":"Trapani","countryIso3":"ITA","countryName":"Italy","source":"Natural Earth 1:10m ports"},"geometry":{"type":"Point","coordinates":[12.50388693,38.01361111]}},{"type":"Feature","id":"port-1730088773","properties":{"id":"port-1730088773","name":"Aomori","scalerank":6,"isMajor":false,"provinceId":"JPN-1863","provinceName":"Aomori","countryIso3":"JPN","countryName":"Japan","source":"Natural Earth 1:10m ports"},"geometry":{"type":"Point","coordinates":[140.742874,40.83138889]}},{"type":"Feature","id":"port-1730088775","properties":{"id":"port-1730088775","name":"Hakodate","scalerank":6,"isMajor":false,"provinceId":"JPN-1847","provinceName":"Hokkaidō","countryIso3":"JPN","countryName":"Japan","source":"Natural Earth 1:10m ports"},"geometry":{"type":"Point","coordinates":[140.7090106,41.78777778]}},{"type":"Feature","id":"port-1730088777","properties":{"id":"port-1730088777","name":"Kagoshima","scalerank":6,"isMajor":false,"provinceId":"JPN-3501","provinceName":"Kagoshima","countryIso3":"JPN","countryName":"Japan","source":"Natural Earth 1:10m ports"},"geometry":{"type":"Point","coordinates":[130.5687868,31.5925]}},{"type":"Feature","id":"port-1730088779","properties":{"id":"port-1730088779","name":"Kochi","scalerank":6,"isMajor":false,"provinceId":"JPN-1834","provinceName":"Kōchi","countryIso3":"JPN","countryName":"Japan","source":"Natural Earth 1:10m ports"},"geometry":{"type":"Point","coordinates":[133.5570671,33.52416667]}},{"type":"Feature","id":"port-1730088781","properties":{"id":"port-1730088781","name":"Kushiro","scalerank":6,"isMajor":false,"provinceId":"JPN-1847","provinceName":"Hokkaidō","countryIso3":"JPN","countryName":"Japan","source":"Natural Earth 1:10m ports"},"geometry":{"type":"Point","coordinates":[144.3522968,42.98861111]}},{"type":"Feature","id":"port-1730088785","properties":{"id":"port-1730088785","name":"Niihama","scalerank":6,"isMajor":false,"provinceId":"JPN-1832","provinceName":"Ehime","countryIso3":"JPN","countryName":"Japan","source":"Natural Earth 1:10m ports"},"geometry":{"type":"Point","coordinates":[133.2595406,33.97083333]}},{"type":"Feature","id":"port-1730088787","properties":{"id":"port-1730088787","name":"Oita","scalerank":6,"isMajor":false,"provinceId":"JPN-1835","provinceName":"Ōita","countryIso3":"JPN","countryName":"Japan","source":"Natural Earth 1:10m ports"},"geometry":{"type":"Point","coordinates":[131.6760306,33.27222222]}},{"type":"Feature","id":"port-1730088789","properties":{"id":"port-1730088789","name":"Shimonoseki","scalerank":6,"isMajor":false,"provinceId":"JPN-1826","provinceName":"Yamaguchi","countryIso3":"JPN","countryName":"Japan","source":"Natural Earth 1:10m ports"},"geometry":{"type":"Point","coordinates":[130.9010601,33.93444444]}},{"type":"Feature","id":"port-1730088791","properties":{"id":"port-1730088791","name":"Tomakomai","scalerank":6,"isMajor":false,"provinceId":"JPN-1847","provinceName":"Hokkaidō","countryIso3":"JPN","countryName":"Japan","source":"Natural Earth 1:10m ports"},"geometry":{"type":"Point","coordinates":[141.6533569,42.6375]}},{"type":"Feature","id":"port-1730088793","properties":{"id":"port-1730088793","name":"Toyama","scalerank":6,"isMajor":false,"provinceId":"JPN-1846","provinceName":"Toyama","countryIso3":"JPN","countryName":"Japan","source":"Natural Earth 1:10m ports"},"geometry":{"type":"Point","coordinates":[137.2226737,36.75722222]}},{"type":"Feature","id":"port-1730088795","properties":{"id":"port-1730088795","name":"Ube","scalerank":6,"isMajor":false,"provinceId":"JPN-1826","provinceName":"Yamaguchi","countryIso3":"JPN","countryName":"Japan","source":"Natural Earth 1:10m ports"},"geometry":{"type":"Point","coordinates":[131.2377503,33.93833333]}},{"type":"Feature","id":"port-1730088797","properties":{"id":"port-1730088797","name":"Malindi","scalerank":6,"isMajor":false,"provinceId":"KEN-1193","provinceName":"Coast","countryIso3":"KEN","countryName":"Kenya","source":"Natural Earth 1:10m ports"},"geometry":{"type":"Point","coordinates":[40.12302709,-3.213611111]}},{"type":"Feature","id":"port-1730088799","properties":{"id":"port-1730088799","name":"Trincomalee","scalerank":6,"isMajor":false,"provinceId":"LKA-2454","provinceName":"Trikuṇāmalaya","countryIso3":"LKA","countryName":"Sri Lanka","source":"Natural Earth 1:10m ports"},"geometry":{"type":"Point","coordinates":[81.20388693,8.558333333]}},{"type":"Feature","id":"port-1730088803","properties":{"id":"port-1730088803","name":"Klaipeda","scalerank":6,"isMajor":false,"provinceId":"LTU-935","provinceName":"Klaipedos","countryIso3":"LTU","countryName":"Lithuania","source":"Natural Earth 1:10m ports"},"geometry":{"type":"Point","coordinates":[21.13421673,55.68722222]}},{"type":"Feature","id":"port-1730088805","properties":{"id":"port-1730088805","name":"Safi","scalerank":6,"isMajor":false,"provinceId":"MAR-1457","provinceName":"Doukkala - Abda","countryIso3":"MAR","countryName":"Morocco","source":"Natural Earth 1:10m ports"},"geometry":{"type":"Point","coordinates":[-9.242697291,32.3075]}},{"type":"Feature","id":"port-1730088807","properties":{"id":"port-1730088807","name":"Ensenada","scalerank":6,"isMajor":false,"provinceId":"MEX-2706","provinceName":"Baja California","countryIso3":"MEX","countryName":"Mexico","source":"Natural Earth 1:10m ports"},"geometry":{"type":"Point","coordinates":[-116.6228504,31.85083333]}},{"type":"Feature","id":"port-1730088809","properties":{"id":"port-1730088809","name":"Guaymas","scalerank":6,"isMajor":false,"provinceId":"MEX-2712","provinceName":"Sonora","countryIso3":"MEX","countryName":"Mexico","source":"Natural Earth 1:10m ports"},"geometry":{"type":"Point","coordinates":[-110.8687868,27.91916667]}},{"type":"Feature","id":"port-1730088811","properties":{"id":"port-1730088811","name":"Manzanillo","scalerank":6,"isMajor":false,"provinceId":"MEX-2718","provinceName":"Colima","countryIso3":"MEX","countryName":"Mexico","source":"Natural Earth 1:10m ports"},"geometry":{"type":"Point","coordinates":[-104.3008834,19.07055556]}},{"type":"Feature","id":"port-1730088813","properties":{"id":"port-1730088813","name":"Salina Cruz","scalerank":6,"isMajor":false,"provinceId":"MEX-2723","provinceName":"Oaxaca","countryIso3":"MEX","countryName":"Mexico","source":"Natural Earth 1:10m ports"},"geometry":{"type":"Point","coordinates":[-95.20194346,16.15722222]}},{"type":"Feature","id":"port-1730088815","properties":{"id":"port-1730088815","name":"Saipan","scalerank":6,"isMajor":false,"provinceId":"MNP-4939","provinceName":"Saipan","countryIso3":"MNP","countryName":"Northern Mariana Islands","source":"Natural Earth 1:10m ports"},"geometry":{"type":"Point","coordinates":[145.7349234,15.22583333]}},{"type":"Feature","id":"port-1730088817","properties":{"id":"port-1730088817","name":"Nouadhibou","scalerank":6,"isMajor":false,"provinceId":"MRT-2785","provinceName":"Dakhlet Nouadhibou","countryIso3":"MRT","countryName":"Mauritania","source":"Natural Earth 1:10m ports"},"geometry":{"type":"Point","coordinates":[-17.0418139,20.9075]}},{"type":"Feature","id":"port-1730088821","properties":{"id":"port-1730088821","name":"Luderitz","scalerank":6,"isMajor":false,"provinceId":"NAM-3338","provinceName":"Karas","countryIso3":"NAM","countryName":"Namibia","source":"Natural Earth 1:10m ports"},"geometry":{"type":"Point","coordinates":[15.15371025,-26.63777778]}},{"type":"Feature","id":"port-1730088823","properties":{"id":"port-1730088823","name":"Bluefields","scalerank":6,"isMajor":false,"provinceId":"NIC-644","provinceName":"Atlántico Sur","countryIso3":"NIC","countryName":"Nicaragua","source":"Natural Earth 1:10m ports"},"geometry":{"type":"Point","coordinates":[-83.75689046,12.01194444]}},{"type":"Feature","id":"port-1730088825","properties":{"id":"port-1730088825","name":"Alesund","scalerank":6,"isMajor":false,"provinceId":"NOR-910","provinceName":"Møre og Romsdal","countryIso3":"NOR","countryName":"Norway","source":"Natural Earth 1:10m ports"},"geometry":{"type":"Point","coordinates":[6.171613663,62.4725]}},{"type":"Feature","id":"port-1730088827","properties":{"id":"port-1730088827","name":"Batsfjord","scalerank":6,"isMajor":false,"provinceId":"NOR-1062","provinceName":"Finnmark","countryIso3":"NOR","countryName":"Norway","source":"Natural Earth 1:10m ports"},"geometry":{"type":"Point","coordinates":[29.71772674,70.63416667]}},{"type":"Feature","id":"port-1730088829","properties":{"id":"port-1730088829","name":"Bodo","scalerank":6,"isMajor":false,"provinceId":"NOR-75","provinceName":"Nordland","countryIso3":"NOR","countryName":"Norway","source":"Natural Earth 1:10m ports"},"geometry":{"type":"Point","coordinates":[14.37267373,67.28888889]}},{"type":"Feature","id":"port-1730088831","properties":{"id":"port-1730088831","name":"Hammerfest","scalerank":6,"isMajor":false,"provinceId":"NOR-1062","provinceName":"Finnmark","countryIso3":"NOR","countryName":"Norway","source":"Natural Earth 1:10m ports"},"geometry":{"type":"Point","coordinates":[23.67108363,70.66722222]}},{"type":"Feature","id":"port-1730088833","properties":{"id":"port-1730088833","name":"Haugesund","scalerank":6,"isMajor":false,"provinceId":"NOR-914","provinceName":"Rogaland","countryIso3":"NOR","countryName":"Norway","source":"Natural Earth 1:10m ports"},"geometry":{"type":"Point","coordinates":[5.25565371,59.41222222]}},{"type":"Feature","id":"port-1730088835","properties":{"id":"port-1730088835","name":"Kirkenes","scalerank":6,"isMajor":false,"provinceId":"NOR-1062","provinceName":"Finnmark","countryIso3":"NOR","countryName":"Norway","source":"Natural Earth 1:10m ports"},"geometry":{"type":"Point","coordinates":[30.05565371,69.72833333]}},{"type":"Feature","id":"port-1730088839","properties":{"id":"port-1730088839","name":"Kristiansund","scalerank":6,"isMajor":false,"provinceId":"NOR-910","provinceName":"Møre og Romsdal","countryIso3":"NOR","countryName":"Norway","source":"Natural Earth 1:10m ports"},"geometry":{"type":"Point","coordinates":[7.733333333,63.115]}},{"type":"Feature","id":"port-1730088841","properties":{"id":"port-1730088841","name":"Mo i Rana","scalerank":6,"isMajor":false,"provinceId":"NOR-75","provinceName":"Nordland","countryIso3":"NOR","countryName":"Norway","source":"Natural Earth 1:10m ports"},"geometry":{"type":"Point","coordinates":[14.1237338,66.315]}},{"type":"Feature","id":"port-1730088843","properties":{"id":"port-1730088843","name":"Molde","scalerank":6,"isMajor":false,"provinceId":"NOR-910","provinceName":"Møre og Romsdal","countryIso3":"NOR","countryName":"Norway","source":"Natural Earth 1:10m ports"},"geometry":{"type":"Point","coordinates":[7.157420495,62.73638889]}},{"type":"Feature","id":"port-1730088845","properties":{"id":"port-1730088845","name":"Mosjoen","scalerank":6,"isMajor":false,"provinceId":"NOR-75","provinceName":"Nordland","countryIso3":"NOR","countryName":"Norway","source":"Natural Earth 1:10m ports"},"geometry":{"type":"Point","coordinates":[13.1868669,65.85194444]}},{"type":"Feature","id":"port-1730088847","properties":{"id":"port-1730088847","name":"Narvik","scalerank":6,"isMajor":false,"provinceId":"NOR-75","provinceName":"Nordland","countryIso3":"NOR","countryName":"Norway","source":"Natural Earth 1:10m ports"},"geometry":{"type":"Point","coordinates":[17.41861013,68.43861111]}},{"type":"Feature","id":"port-1730088849","properties":{"id":"port-1730088849","name":"Stavanger","scalerank":6,"isMajor":false,"provinceId":"NOR-914","provinceName":"Rogaland","countryIso3":"NOR","countryName":"Norway","source":"Natural Earth 1:10m ports"},"geometry":{"type":"Point","coordinates":[5.737220259,58.97888889]}},{"type":"Feature","id":"port-1730088851","properties":{"id":"port-1730088851","name":"Vadso","scalerank":6,"isMajor":false,"provinceId":"NOR-1062","provinceName":"Finnmark","countryIso3":"NOR","countryName":"Norway","source":"Natural Earth 1:10m ports"},"geometry":{"type":"Point","coordinates":[29.73757362,70.07111111]}},{"type":"Feature","id":"port-1730088853","properties":{"id":"port-1730088853","name":"Vardo","scalerank":6,"isMajor":false,"provinceId":"NOR-1062","provinceName":"Finnmark","countryIso3":"NOR","countryName":"Norway","source":"Natural Earth 1:10m ports"},"geometry":{"type":"Point","coordinates":[31.10388693,70.37333333]}},{"type":"Feature","id":"port-1730088857","properties":{"id":"port-1730088857","name":"New Plymouth","scalerank":6,"isMajor":false,"provinceId":"NZL-3405","provinceName":"Taranaki","countryIso3":"NZL","countryName":"New Zealand","source":"Natural Earth 1:10m ports"},"geometry":{"type":"Point","coordinates":[174.0377503,-39.05722222]}},{"type":"Feature","id":"port-1730088859","properties":{"id":"port-1730088859","name":"Gisborne","scalerank":6,"isMajor":false,"provinceId":"NZL-3396","provinceName":"Gisborne District","countryIso3":"NZL","countryName":"New Zealand","source":"Natural Earth 1:10m ports"},"geometry":{"type":"Point","coordinates":[178.0224971,-38.6725]}},{"type":"Feature","id":"port-1730088861","properties":{"id":"port-1730088861","name":"Greymouth","scalerank":6,"isMajor":false,"provinceId":"NZL-3406","provinceName":"West Coast","countryIso3":"NZL","countryName":"New Zealand","source":"Natural Earth 1:10m ports"},"geometry":{"type":"Point","coordinates":[171.20053,-42.44472222]}},{"type":"Feature","id":"port-1730088863","properties":{"id":"port-1730088863","name":"Napier","scalerank":6,"isMajor":false,"provinceId":"NZL-3397","provinceName":"Hawke's Bay","countryIso3":"NZL","countryName":"New Zealand","source":"Natural Earth 1:10m ports"},"geometry":{"type":"Point","coordinates":[176.9180801,-39.475]}},{"type":"Feature","id":"port-1730088865","properties":{"id":"port-1730088865","name":"Tauranga","scalerank":6,"isMajor":false,"provinceId":"NZL-3399","provinceName":"Bay of Plenty","countryIso3":"NZL","countryName":"New Zealand","source":"Natural Earth 1:10m ports"},"geometry":{"type":"Point","coordinates":[176.1740872,-37.65944444]}},{"type":"Feature","id":"port-1730088867","properties":{"id":"port-1730088867","name":"Wanganui","scalerank":6,"isMajor":false,"provinceId":"NZL-3334","provinceName":"Manawatu-Wanganui","countryIso3":"NZL","countryName":"New Zealand","source":"Natural Earth 1:10m ports"},"geometry":{"type":"Point","coordinates":[174.9895171,-39.94416667]}},{"type":"Feature","id":"port-1730088869","properties":{"id":"port-1730088869","name":"Westport","scalerank":6,"isMajor":false,"provinceId":"NZL-3406","provinceName":"West Coast","countryIso3":"NZL","countryName":"New Zealand","source":"Natural Earth 1:10m ports"},"geometry":{"type":"Point","coordinates":[171.5912839,-41.75027778]}},{"type":"Feature","id":"port-1730088871","properties":{"id":"port-1730088871","name":"Whangarei","scalerank":6,"isMajor":false,"provinceId":"NZL-3404","provinceName":"Northland","countryIso3":"NZL","countryName":"New Zealand","source":"Natural Earth 1:10m ports"},"geometry":{"type":"Point","coordinates":[174.3426973,-35.75111111]}},{"type":"Feature","id":"port-1730088875","properties":{"id":"port-1730088875","name":"Timaru","scalerank":6,"isMajor":false,"provinceId":"NZL-3400","provinceName":"Canterbury","countryIso3":"NZL","countryName":"New Zealand","source":"Natural Earth 1:10m ports"},"geometry":{"type":"Point","coordinates":[171.2542403,-44.38916667]}},{"type":"Feature","id":"port-1730088877","properties":{"id":"port-1730088877","name":"Talara","scalerank":6,"isMajor":false,"provinceId":"PER-567","provinceName":"Piura","countryIso3":"PER","countryName":"Peru","source":"Natural Earth 1:10m ports"},"geometry":{"type":"Point","coordinates":[-81.2746172,-4.573055556]}},{"type":"Feature","id":"port-1730088879","properties":{"id":"port-1730088879","name":"Masbate","scalerank":6,"isMajor":false,"provinceId":"PHL-2540","provinceName":"Masbate","countryIso3":"PHL","countryName":"Philippines","source":"Natural Earth 1:10m ports"},"geometry":{"type":"Point","coordinates":[123.6198469,12.36805556]}},{"type":"Feature","id":"port-1730088881","properties":{"id":"port-1730088881","name":"Subic Bay","scalerank":6,"isMajor":false,"provinceId":"PHL-2555","provinceName":"Bataan","countryIso3":"PHL","countryName":"Philippines","source":"Natural Earth 1:10m ports"},"geometry":{"type":"Point","coordinates":[120.2747939,14.80833333]}},{"type":"Feature","id":"port-1730088883","properties":{"id":"port-1730088883","name":"Alotau","scalerank":6,"isMajor":false,"provinceId":"PNG-1252","provinceName":"Milne Bay","countryIso3":"PNG","countryName":"Papua New Guinea","source":"Natural Earth 1:10m ports"},"geometry":{"type":"Point","coordinates":[150.4510601,-10.31277778]}},{"type":"Feature","id":"port-1730088885","properties":{"id":"port-1730088885","name":"Kavieng","scalerank":6,"isMajor":false,"provinceId":"PNG-1255","provinceName":"New Ireland","countryIso3":"PNG","countryName":"Papua New Guinea","source":"Natural Earth 1:10m ports"},"geometry":{"type":"Point","coordinates":[150.7866902,-2.584722222]}},{"type":"Feature","id":"port-1730088887","properties":{"id":"port-1730088887","name":"Kieta","scalerank":6,"isMajor":false,"provinceId":"PNG-1245","provinceName":"North Solomons","countryIso3":"PNG","countryName":"Papua New Guinea","source":"Natural Earth 1:10m ports"},"geometry":{"type":"Point","coordinates":[155.626914,-6.215277778]}},{"type":"Feature","id":"port-1730088889","properties":{"id":"port-1730088889","name":"Rabaul","scalerank":6,"isMajor":false,"provinceId":"PNG-1250","provinceName":"East New Britain","countryIso3":"PNG","countryName":"Papua New Guinea","source":"Natural Earth 1:10m ports"},"geometry":{"type":"Point","coordinates":[152.1851001,-4.241111111]}},{"type":"Feature","id":"port-1730088893","properties":{"id":"port-1730088893","name":"Vanimo","scalerank":6,"isMajor":false,"provinceId":"PNG-1241","provinceName":"Sandaun","countryIso3":"PNG","countryName":"Papua New Guinea","source":"Natural Earth 1:10m ports"},"geometry":{"type":"Point","coordinates":[141.2923439,-2.683611111]}},{"type":"Feature","id":"port-1730088895","properties":{"id":"port-1730088895","name":"Ponce","scalerank":6,"isMajor":false,"provinceId":"PRI-5260","provinceName":"Puerto Rico","countryIso3":"PRI","countryName":"Puerto Rico","source":"Natural Earth 1:10m ports"},"geometry":{"type":"Point","coordinates":[-66.61024735,17.96805556]}},{"type":"Feature","id":"port-1730088897","properties":{"id":"port-1730088897","name":"Sines","scalerank":6,"isMajor":false,"provinceId":"PRT-5498","provinceName":"Setúbal","countryIso3":"PRT","countryName":"Portugal","source":"Natural Earth 1:10m ports"},"geometry":{"type":"Point","coordinates":[-8.867020024,37.94277778]}},{"type":"Feature","id":"port-1730088899","properties":{"id":"port-1730088899","name":"Horta","scalerank":6,"isMajor":false,"provinceId":"PRT-735","provinceName":"Azores","countryIso3":"PRT","countryName":"Portugal","source":"Natural Earth 1:10m ports"},"geometry":{"type":"Point","coordinates":[-28.62196702,38.53]}},{"type":"Feature","id":"port-1730088901","properties":{"id":"port-1730088901","name":"Arkhangelsk","scalerank":6,"isMajor":false,"provinceId":"RUS-2354","provinceName":"Arkhangel'sk","countryIso3":"RUS","countryName":"Russia","source":"Natural Earth 1:10m ports"},"geometry":{"type":"Point","coordinates":[40.55636042,64.5425]}},{"type":"Feature","id":"port-1730088903","properties":{"id":"port-1730088903","name":"Murmansk","scalerank":6,"isMajor":false,"provinceId":"RUS-2333","provinceName":"Murmansk","countryIso3":"RUS","countryName":"Russia","source":"Natural Earth 1:10m ports"},"geometry":{"type":"Point","coordinates":[33.04146054,68.9725]}},{"type":"Feature","id":"port-1730088905","properties":{"id":"port-1730088905","name":"Tiksi","scalerank":6,"isMajor":false,"provinceId":"RUS-2612","provinceName":"Sakha (Yakutia)","countryIso3":"RUS","countryName":"Russia","source":"Natural Earth 1:10m ports"},"geometry":{"type":"Point","coordinates":[128.8728504,71.64305556]}},{"type":"Feature","id":"port-1730088907","properties":{"id":"port-1730088907","name":"Jizan","scalerank":6,"isMajor":false,"provinceId":"SAU-887","provinceName":"Jizan","countryIso3":"SAU","countryName":"Saudi Arabia","source":"Natural Earth 1:10m ports"},"geometry":{"type":"Point","coordinates":[42.5352768,16.89027778]}},{"type":"Feature","id":"port-1730088911","properties":{"id":"port-1730088911","name":"Berbera","scalerank":6,"isMajor":false,"provinceId":"SOL+00?","provinceName":"Somaliland","countryIso3":"SOL","countryName":"Somaliland","source":"Natural Earth 1:10m ports"},"geometry":{"type":"Point","coordinates":[45,10.44083333]}},{"type":"Feature","id":"port-1730088913","properties":{"id":"port-1730088913","name":"Nieuw Nickerie","scalerank":6,"isMajor":false,"provinceId":"SUR-37","provinceName":"Nickerie","countryIso3":"SUR","countryName":"Suriname","source":"Natural Earth 1:10m ports"},"geometry":{"type":"Point","coordinates":[-57.00176678,5.951666667]}},{"type":"Feature","id":"port-1730088915","properties":{"id":"port-1730088915","name":"Malmo","scalerank":6,"isMajor":false,"provinceId":"SWE-3429","provinceName":"Skåne","countryIso3":"SWE","countryName":"Sweden","source":"Natural Earth 1:10m ports"},"geometry":{"type":"Point","coordinates":[13.00159011,55.62555556]}},{"type":"Feature","id":"port-1730088917","properties":{"id":"port-1730088917","name":"Gavle","scalerank":6,"isMajor":false,"provinceId":"SWE-178","provinceName":"Gävleborg","countryIso3":"SWE","countryName":"Sweden","source":"Natural Earth 1:10m ports"},"geometry":{"type":"Point","coordinates":[17.19269729,60.68444444]}},{"type":"Feature","id":"port-1730088919","properties":{"id":"port-1730088919","name":"Halmstad","scalerank":6,"isMajor":false,"provinceId":"SWE-187","provinceName":"Halland","countryIso3":"SWE","countryName":"Sweden","source":"Natural Earth 1:10m ports"},"geometry":{"type":"Point","coordinates":[12.85,56.655]}},{"type":"Feature","id":"port-1730088921","properties":{"id":"port-1730088921","name":"Helsingborg","scalerank":6,"isMajor":false,"provinceId":"SWE-3429","provinceName":"Skåne","countryIso3":"SWE","countryName":"Sweden","source":"Natural Earth 1:10m ports"},"geometry":{"type":"Point","coordinates":[12.68757362,56.03333333]}},{"type":"Feature","id":"port-1730088923","properties":{"id":"port-1730088923","name":"Hudiksvall","scalerank":6,"isMajor":false,"provinceId":"SWE-178","provinceName":"Gävleborg","countryIso3":"SWE","countryName":"Sweden","source":"Natural Earth 1:10m ports"},"geometry":{"type":"Point","coordinates":[17.11861013,61.72166667]}},{"type":"Feature","id":"port-1730088925","properties":{"id":"port-1730088925","name":"Kalmar","scalerank":6,"isMajor":false,"provinceId":"SWE-180","provinceName":"Kalmar","countryIso3":"SWE","countryName":"Sweden","source":"Natural Earth 1:10m ports"},"geometry":{"type":"Point","coordinates":[16.36914016,56.65916667]}},{"type":"Feature","id":"port-1730088929","properties":{"id":"port-1730088929","name":"Ornskoldsvik","scalerank":6,"isMajor":false,"provinceId":"SWE-191","provinceName":"Västernorrland","countryIso3":"SWE","countryName":"Sweden","source":"Natural Earth 1:10m ports"},"geometry":{"type":"Point","coordinates":[18.72585395,63.27611111]}},{"type":"Feature","id":"port-1730088931","properties":{"id":"port-1730088931","name":"Ronneby","scalerank":6,"isMajor":false,"provinceId":"SWE-262","provinceName":"Blekinge","countryIso3":"SWE","countryName":"Sweden","source":"Natural Earth 1:10m ports"},"geometry":{"type":"Point","coordinates":[15.3,56.17472222]}},{"type":"Feature","id":"port-1730088933","properties":{"id":"port-1730088933","name":"Soderhamn","scalerank":6,"isMajor":false,"provinceId":"SWE-178","provinceName":"Gävleborg","countryIso3":"SWE","countryName":"Sweden","source":"Natural Earth 1:10m ports"},"geometry":{"type":"Point","coordinates":[17.0893404,61.30833333]}},{"type":"Feature","id":"port-1730088935","properties":{"id":"port-1730088935","name":"Vastervik","scalerank":6,"isMajor":false,"provinceId":"SWE-180","provinceName":"Kalmar","countryIso3":"SWE","countryName":"Sweden","source":"Natural Earth 1:10m ports"},"geometry":{"type":"Point","coordinates":[16.65194346,57.75583333]}},{"type":"Feature","id":"port-1730088937","properties":{"id":"port-1730088937","name":"Visby","scalerank":6,"isMajor":false,"provinceId":"SWE-193","provinceName":"Gotland","countryIso3":"SWE","countryName":"Sweden","source":"Natural Earth 1:10m ports"},"geometry":{"type":"Point","coordinates":[18.2746172,57.63555556]}},{"type":"Feature","id":"port-1730088939","properties":{"id":"port-1730088939","name":"Tekirdag","scalerank":6,"isMajor":false,"provinceId":"TUR-2242","provinceName":"Tekirdag","countryIso3":"TUR","countryName":"Turkey","source":"Natural Earth 1:10m ports"},"geometry":{"type":"Point","coordinates":[27.50795053,40.9675]}},{"type":"Feature","id":"port-1730088941","properties":{"id":"port-1730088941","name":"Tanga","scalerank":6,"isMajor":false,"provinceId":"TZA-3395","provinceName":"Tanga","countryIso3":"TZA","countryName":"United Republic of Tanzania","source":"Natural Earth 1:10m ports"},"geometry":{"type":"Point","coordinates":[39.10318021,-5.065555556]}},{"type":"Feature","id":"port-1730088943","properties":{"id":"port-1730088943","name":"Kherson","scalerank":6,"isMajor":false,"provinceId":"UKR-4827","provinceName":"Kherson","countryIso3":"UKR","countryName":"Ukraine","source":"Natural Earth 1:10m ports"},"geometry":{"type":"Point","coordinates":[32.60742049,46.61861111]}},{"type":"Feature","id":"port-1730088947","properties":{"id":"port-1730088947","name":"Colonia","scalerank":6,"isMajor":false,"provinceId":"URY-4","provinceName":"Colonia","countryIso3":"URY","countryName":"Uruguay","source":"Natural Earth 1:10m ports"},"geometry":{"type":"Point","coordinates":[-57.84216726,-34.47166667]}},{"type":"Feature","id":"port-1730088949","properties":{"id":"port-1730088949","name":"Cordova","scalerank":6,"isMajor":false,"provinceId":"USA-3563","provinceName":"Alaska","countryIso3":"USA","countryName":"United States of America","source":"Natural Earth 1:10m ports"},"geometry":{"type":"Point","coordinates":[-145.7563604,60.55]}},{"type":"Feature","id":"port-1730088951","properties":{"id":"port-1730088951","name":"Ketchikan","scalerank":6,"isMajor":false,"provinceId":"USA-3563","provinceName":"Alaska","countryIso3":"USA","countryName":"United States of America","source":"Natural Earth 1:10m ports"},"geometry":{"type":"Point","coordinates":[-131.6712603,55.34694444]}},{"type":"Feature","id":"port-1730088953","properties":{"id":"port-1730088953","name":"Bangor","scalerank":6,"isMajor":false,"provinceId":"USA-3561","provinceName":"Maine","countryIso3":"USA","countryName":"United States of America","source":"Natural Earth 1:10m ports"},"geometry":{"type":"Point","coordinates":[-68.76984688,44.79194444]}},{"type":"Feature","id":"port-1730088955","properties":{"id":"port-1730088955","name":"Stockton","scalerank":6,"isMajor":false,"provinceId":"USA-3521","provinceName":"California","countryIso3":"USA","countryName":"United States of America","source":"Natural Earth 1:10m ports"},"geometry":{"type":"Point","coordinates":[-121.3230271,37.95055556]}},{"type":"Feature","id":"port-1730088957","properties":{"id":"port-1730088957","name":"Bridgeport","scalerank":6,"isMajor":false,"provinceId":"USA-3537","provinceName":"Connecticut","countryIso3":"USA","countryName":"United States of America","source":"Natural Earth 1:10m ports"},"geometry":{"type":"Point","coordinates":[-73.17638398,41.1725]}},{"type":"Feature","id":"port-1730088959","properties":{"id":"port-1730088959","name":"New Haven","scalerank":6,"isMajor":false,"provinceId":"USA-3537","provinceName":"Connecticut","countryIso3":"USA","countryName":"United States of America","source":"Natural Earth 1:10m ports"},"geometry":{"type":"Point","coordinates":[-72.90954064,41.28638889]}},{"type":"Feature","id":"port-1730088961","properties":{"id":"port-1730088961","name":"Port Everglades","scalerank":6,"isMajor":false,"provinceId":"USA-3542","provinceName":"Florida","countryIso3":"USA","countryName":"United States of America","source":"Natural Earth 1:10m ports"},"geometry":{"type":"Point","coordinates":[-80.10865724,26.08444444]}},{"type":"Feature","id":"port-1730088965","properties":{"id":"port-1730088965","name":"Savannah","scalerank":6,"isMajor":false,"provinceId":"USA-3543","provinceName":"Georgia","countryIso3":"USA","countryName":"United States of America","source":"Natural Earth 1:10m ports"},"geometry":{"type":"Point","coordinates":[-81.12249706,32.11083333]}},{"type":"Feature","id":"port-1730088967","properties":{"id":"port-1730088967","name":"Portland","scalerank":6,"isMajor":false,"provinceId":"USA-3561","provinceName":"Maine","countryIso3":"USA","countryName":"United States of America","source":"Natural Earth 1:10m ports"},"geometry":{"type":"Point","coordinates":[-70.23951708,43.65333333]}},{"type":"Feature","id":"port-1730088969","properties":{"id":"port-1730088969","name":"Gulfport","scalerank":6,"isMajor":false,"provinceId":"USA-3544","provinceName":"Mississippi","countryIso3":"USA","countryName":"United States of America","source":"Natural Earth 1:10m ports"},"geometry":{"type":"Point","coordinates":[-89.08845701,30.35861111]}},{"type":"Feature","id":"port-1730088971","properties":{"id":"port-1730088971","name":"Portsmouth","scalerank":6,"isMajor":false,"provinceId":"USA-3538","provinceName":"New Hampshire","countryIso3":"USA","countryName":"United States of America","source":"Natural Earth 1:10m ports"},"geometry":{"type":"Point","coordinates":[-70.76861013,43.0875]}},{"type":"Feature","id":"port-1730088973","properties":{"id":"port-1730088973","name":"Newark","scalerank":6,"isMajor":false,"provinceId":"USA-3558","provinceName":"New Jersey","countryIso3":"USA","countryName":"United States of America","source":"Natural Earth 1:10m ports"},"geometry":{"type":"Point","coordinates":[-74.13722026,40.7]}},{"type":"Feature","id":"port-1730088975","properties":{"id":"port-1730088975","name":"Astoria","scalerank":6,"isMajor":false,"provinceId":"USA-3525","provinceName":"Oregon","countryIso3":"USA","countryName":"United States of America","source":"Natural Earth 1:10m ports"},"geometry":{"type":"Point","coordinates":[-123.8262073,46.18944444]}},{"type":"Feature","id":"port-1730088977","properties":{"id":"port-1730088977","name":"Port Everglades","scalerank":6,"isMajor":false,"provinceId":"USA-3542","provinceName":"Florida","countryIso3":"USA","countryName":"United States of America","source":"Natural Earth 1:10m ports"},"geometry":{"type":"Point","coordinates":[-80.10865724,26.08444444]}},{"type":"Feature","id":"port-1730088979","properties":{"id":"port-1730088979","name":"Corpus Christi","scalerank":6,"isMajor":false,"provinceId":"USA-3536","provinceName":"Texas","countryIso3":"USA","countryName":"United States of America","source":"Natural Earth 1:10m ports"},"geometry":{"type":"Point","coordinates":[-97.40459364,27.81277778]}},{"type":"Feature","id":"port-1730088983","properties":{"id":"port-1730088983","name":"Pascagoula","scalerank":6,"isMajor":false,"provinceId":"USA-3544","provinceName":"Mississippi","countryIso3":"USA","countryName":"United States of America","source":"Natural Earth 1:10m ports"},"geometry":{"type":"Point","coordinates":[-88.53722026,30.35138889]}},{"type":"Feature","id":"port-1730088985","properties":{"id":"port-1730088985","name":"Tacoma","scalerank":6,"isMajor":false,"provinceId":"USA-3519","provinceName":"Washington","countryIso3":"USA","countryName":"United States of America","source":"Natural Earth 1:10m ports"},"geometry":{"type":"Point","coordinates":[-122.4042403,47.26722222]}},{"type":"Feature","id":"port-1730088987","properties":{"id":"port-1730088987","name":"Beaumont","scalerank":6,"isMajor":false,"provinceId":"USA-3536","provinceName":"Texas","countryIso3":"USA","countryName":"United States of America","source":"Natural Earth 1:10m ports"},"geometry":{"type":"Point","coordinates":[-94.08421673,30.07777778]}},{"type":"Feature","id":"port-1730088989","properties":{"id":"port-1730088989","name":"Olympia","scalerank":6,"isMajor":false,"provinceId":"USA-3519","provinceName":"Washington","countryIso3":"USA","countryName":"United States of America","source":"Natural Earth 1:10m ports"},"geometry":{"type":"Point","coordinates":[-122.9007067,47.05333333]}},{"type":"Feature","id":"port-1730088991","properties":{"id":"port-1730088991","name":"Port Angeles","scalerank":6,"isMajor":false,"provinceId":"USA-3519","provinceName":"Washington","countryIso3":"USA","countryName":"United States of America","source":"Natural Earth 1:10m ports"},"geometry":{"type":"Point","coordinates":[-123.4351001,48.13083333]}},{"type":"Feature","id":"port-1730088993","properties":{"id":"port-1730088993","name":"Port Townsend","scalerank":6,"isMajor":false,"provinceId":"USA-3519","provinceName":"Washington","countryIso3":"USA","countryName":"United States of America","source":"Natural Earth 1:10m ports"},"geometry":{"type":"Point","coordinates":[-122.7531802,48.11444444]}},{"type":"Feature","id":"port-1730088995","properties":{"id":"port-1730088995","name":"Puerto Cabello","scalerank":6,"isMajor":false,"provinceId":"VEN-33","provinceName":"Carabobo","countryIso3":"VEN","countryName":"Venezuela","source":"Natural Earth 1:10m ports"},"geometry":{"type":"Point","coordinates":[-67.99305065,10.47722222]}},{"type":"Feature","id":"port-1730088997","properties":{"id":"port-1730088997","name":"Mukalla","scalerank":6,"isMajor":false,"provinceId":"YEM-3497","provinceName":"Hadramawt","countryIso3":"YEM","countryName":"Yemen","source":"Natural Earth 1:10m ports"},"geometry":{"type":"Point","coordinates":[49.14375736,14.52222222]}},{"type":"Feature","id":"port-1730089001","properties":{"id":"port-1730089001","name":"East London","scalerank":6,"isMajor":false,"provinceId":"ZAF-1926","provinceName":"Eastern Cape","countryIso3":"ZAF","countryName":"South Africa","source":"Natural Earth 1:10m ports"},"geometry":{"type":"Point","coordinates":[27.90477032,-33.02527778]}},{"type":"Feature","id":"port-1730089003","properties":{"id":"port-1730089003","name":"Mossel Bay","scalerank":6,"isMajor":false,"provinceId":"ZAF-1189","provinceName":"Western Cape","countryIso3":"ZAF","countryName":"South Africa","source":"Natural Earth 1:10m ports"},"geometry":{"type":"Point","coordinates":[21.41825677,-34.37527778]}},{"type":"Feature","id":"port-1730089005","properties":{"id":"port-1730089005","name":"Richards Bay","scalerank":6,"isMajor":false,"provinceId":"ZAF-1216","provinceName":"KwaZulu-Natal","countryIso3":"ZAF","countryName":"South Africa","source":"Natural Earth 1:10m ports"},"geometry":{"type":"Point","coordinates":[32.05618375,-28.80472222]}},{"type":"Feature","id":"port-1730089007","properties":{"id":"port-1730089007","name":"Erie","scalerank":6,"isMajor":false,"provinceId":"USA-3560","provinceName":"Pennsylvania","countryIso3":"USA","countryName":"United States of America","source":"Natural Earth 1:10m ports"},"geometry":{"type":"Point","coordinates":[-80.1,42.15]}},{"type":"Feature","id":"port-1730089009","properties":{"id":"port-1730089009","name":"Bay City","scalerank":6,"isMajor":false,"provinceId":"USA-3562","provinceName":"Michigan","countryIso3":"USA","countryName":"United States of America","source":"Natural Earth 1:10m ports"},"geometry":{"type":"Point","coordinates":[-83.86,43.6]}},{"type":"Feature","id":"port-1730089011","properties":{"id":"port-1730089011","name":"Milwaukee","scalerank":6,"isMajor":false,"provinceId":"USA-3553","provinceName":"Wisconsin","countryIso3":"USA","countryName":"United States of America","source":"Natural Earth 1:10m ports"},"geometry":{"type":"Point","coordinates":[-87.88,43.03]}},{"type":"Feature","id":"port-1730089013","properties":{"id":"port-1730089013","name":"Coos Bay","scalerank":6,"isMajor":false,"provinceId":"USA-3525","provinceName":"Oregon","countryIso3":"USA","countryName":"United States of America","source":"Natural Earth 1:10m ports"},"geometry":{"type":"Point","coordinates":[-124.21,43.36]}},{"type":"Feature","id":"port-1730089015","properties":{"id":"port-1730089015","name":"Sitka","scalerank":6,"isMajor":false,"provinceId":"USA-3563","provinceName":"Alaska","countryIso3":"USA","countryName":"United States of America","source":"Natural Earth 1:10m ports"},"geometry":{"type":"Point","coordinates":[-135.33,57.05]}},{"type":"Feature","id":"port-1730089019","properties":{"id":"port-1730089019","name":"Kodiak","scalerank":6,"isMajor":false,"provinceId":"USA-3563","provinceName":"Alaska","countryIso3":"USA","countryName":"United States of America","source":"Natural Earth 1:10m ports"},"geometry":{"type":"Point","coordinates":[-152.4,57.78]}},{"type":"Feature","id":"port-1730089021","properties":{"id":"port-1730089021","name":"Lobito","scalerank":5,"isMajor":false,"provinceId":"AGO-1887","provinceName":"Benguela","countryIso3":"AGO","countryName":"Angola","source":"Natural Earth 1:10m ports"},"geometry":{"type":"Point","coordinates":[13.56931684,-12.33694444]}},{"type":"Feature","id":"port-1730089023","properties":{"id":"port-1730089023","name":"Abu Dhabi","scalerank":5,"isMajor":false,"provinceId":"ARE-349","provinceName":"Abu Dhabi","countryIso3":"ARE","countryName":"United Arab Emirates","source":"Natural Earth 1:10m ports"},"geometry":{"type":"Point","coordinates":[54.37267373,24.525]}},{"type":"Feature","id":"port-1730089025","properties":{"id":"port-1730089025","name":"Comodoro Rivadavia","scalerank":5,"isMajor":false,"provinceId":"ARG-1274","provinceName":"Chubut","countryIso3":"ARG","countryName":"Argentina","source":"Natural Earth 1:10m ports"},"geometry":{"type":"Point","coordinates":[-67.45989399,-45.85583333]}},{"type":"Feature","id":"port-1730089027","properties":{"id":"port-1730089027","name":"Mar del Plata","scalerank":5,"isMajor":false,"provinceId":"ARG-1295","provinceName":"Buenos Aires","countryIso3":"ARG","countryName":"Argentina","source":"Natural Earth 1:10m ports"},"geometry":{"type":"Point","coordinates":[-57.53333333,-38.04277778]}},{"type":"Feature","id":"port-1730089029","properties":{"id":"port-1730089029","name":"Cairns","scalerank":5,"isMajor":false,"provinceId":"AUS-2657","provinceName":"Queensland","countryIso3":"AUS","countryName":"Australia","source":"Natural Earth 1:10m ports"},"geometry":{"type":"Point","coordinates":[145.7755006,-16.92972222]}},{"type":"Feature","id":"port-1730089031","properties":{"id":"port-1730089031","name":"Broome","scalerank":5,"isMajor":false,"provinceId":"AUS-2651","provinceName":"Western Australia","countryIso3":"AUS","countryName":"Australia","source":"Natural Earth 1:10m ports"},"geometry":{"type":"Point","coordinates":[122.2091873,-18.0025]}},{"type":"Feature","id":"port-1730089033","properties":{"id":"port-1730089033","name":"Devonport","scalerank":5,"isMajor":false,"provinceId":"AUS-2660","provinceName":"Tasmania","countryIso3":"AUS","countryName":"Australia","source":"Natural Earth 1:10m ports"},"geometry":{"type":"Point","coordinates":[146.3675501,-41.16777778]}},{"type":"Feature","id":"port-1730089037","properties":{"id":"port-1730089037","name":"Hobart","scalerank":5,"isMajor":false,"provinceId":"AUS-2660","provinceName":"Tasmania","countryIso3":"AUS","countryName":"Australia","source":"Natural Earth 1:10m ports"},"geometry":{"type":"Point","coordinates":[147.3358068,-42.88027778]}},{"type":"Feature","id":"port-1730089039","properties":{"id":"port-1730089039","name":"Antwerpen","scalerank":5,"isMajor":false,"provinceId":"BEL-3478","provinceName":"East Flanders","countryIso3":"BEL","countryName":"Belgium","source":"Natural Earth 1:10m ports"},"geometry":{"type":"Point","coordinates":[4.293757362,51.29777778]}},{"type":"Feature","id":"port-1730089041","properties":{"id":"port-1730089041","name":"Varna","scalerank":5,"isMajor":false,"provinceId":"BGR-2260","provinceName":"Varna","countryIso3":"BGR","countryName":"Bulgaria","source":"Natural Earth 1:10m ports"},"geometry":{"type":"Point","coordinates":[27.88863369,43.19444444]}},{"type":"Feature","id":"port-1730089043","properties":{"id":"port-1730089043","name":"Belize City","scalerank":5,"isMajor":false,"provinceId":"BLZ-1323","provinceName":"Belize","countryIso3":"BLZ","countryName":"Belize","source":"Natural Earth 1:10m ports"},"geometry":{"type":"Point","coordinates":[-88.20194346,17.47972222]}},{"type":"Feature","id":"port-1730089045","properties":{"id":"port-1730089045","name":"Hamilton","scalerank":5,"isMajor":false,"provinceId":"BMU-5138","provinceName":"Paget","countryIso3":"BMU","countryName":"Bermuda","source":"Natural Earth 1:10m ports"},"geometry":{"type":"Point","coordinates":[-64.77638398,32.29111111]}},{"type":"Feature","id":"port-1730089047","properties":{"id":"port-1730089047","name":"Belem","scalerank":5,"isMajor":false,"provinceId":"BRA-594","provinceName":"Pará","countryIso3":"BRA","countryName":"Brazil","source":"Natural Earth 1:10m ports"},"geometry":{"type":"Point","coordinates":[-48.48474676,-1.451666667]}},{"type":"Feature","id":"port-1730089049","properties":{"id":"port-1730089049","name":"Paranagua","scalerank":5,"isMajor":false,"provinceId":"BRA-613","provinceName":"Paraná","countryIso3":"BRA","countryName":"Brazil","source":"Natural Earth 1:10m ports"},"geometry":{"type":"Point","coordinates":[-48.51914016,-25.50083333]}},{"type":"Feature","id":"port-1730089051","properties":{"id":"port-1730089051","name":"Porto Alegre","scalerank":5,"isMajor":false,"provinceId":"BRA-612","provinceName":"Rio Grande do Sul","countryIso3":"BRA","countryName":"Brazil","source":"Natural Earth 1:10m ports"},"geometry":{"type":"Point","coordinates":[-51.22408716,-30.0175]}},{"type":"Feature","id":"port-1730089055","properties":{"id":"port-1730089055","name":"Recife","scalerank":5,"isMajor":false,"provinceId":"BRA-1313","provinceName":"Pernambuco","countryIso3":"BRA","countryName":"Brazil","source":"Natural Earth 1:10m ports"},"geometry":{"type":"Point","coordinates":[-34.86896349,-8.053611111]}},{"type":"Feature","id":"port-1730089057","properties":{"id":"port-1730089057","name":"Salvador","scalerank":5,"isMajor":false,"provinceId":"BRA-624","provinceName":"Bahia","countryIso3":"BRA","countryName":"Brazil","source":"Natural Earth 1:10m ports"},"geometry":{"type":"Point","coordinates":[-38.50477032,-12.95861111]}},{"type":"Feature","id":"port-1730089059","properties":{"id":"port-1730089059","name":"Santos","scalerank":5,"isMajor":false,"provinceId":"BRA-1311","provinceName":"São Paulo","countryIso3":"BRA","countryName":"Brazil","source":"Natural Earth 1:10m ports"},"geometry":{"type":"Point","coordinates":[-46.30053004,-23.96888889]}},{"type":"Feature","id":"port-1730089061","properties":{"id":"port-1730089061","name":"Charlottetown","scalerank":5,"isMajor":false,"provinceId":"CAN-687","provinceName":"Prince Edward Island","countryIso3":"CAN","countryName":"Canada","source":"Natural Earth 1:10m ports"},"geometry":{"type":"Point","coordinates":[-63.11896349,46.23166667]}},{"type":"Feature","id":"port-1730089063","properties":{"id":"port-1730089063","name":"Halifax","scalerank":5,"isMajor":false,"provinceId":"CAN-685","provinceName":"Nova Scotia","countryIso3":"CAN","countryName":"Canada","source":"Natural Earth 1:10m ports"},"geometry":{"type":"Point","coordinates":[-63.57444052,44.65694444]}},{"type":"Feature","id":"port-1730089065","properties":{"id":"port-1730089065","name":"Nanaimo","scalerank":5,"isMajor":false,"provinceId":"CAN-633","provinceName":"British Columbia","countryIso3":"CAN","countryName":"Canada","source":"Natural Earth 1:10m ports"},"geometry":{"type":"Point","coordinates":[-123.926384,49.16944444]}},{"type":"Feature","id":"port-1730089067","properties":{"id":"port-1730089067","name":"Quebec","scalerank":5,"isMajor":false,"provinceId":"CAN-683","provinceName":"Québec","countryIso3":"CAN","countryName":"Canada","source":"Natural Earth 1:10m ports"},"geometry":{"type":"Point","coordinates":[-71.2090106,46.80583333]}},{"type":"Feature","id":"port-1730089069","properties":{"id":"port-1730089069","name":"Victoria","scalerank":5,"isMajor":false,"provinceId":"CAN-633","provinceName":"British Columbia","countryIso3":"CAN","countryName":"Canada","source":"Natural Earth 1:10m ports"},"geometry":{"type":"Point","coordinates":[-123.4065371,48.43111111]}},{"type":"Feature","id":"port-1730089073","properties":{"id":"port-1730089073","name":"Prince Rupert","scalerank":5,"isMajor":false,"provinceId":"CAN-633","provinceName":"British Columbia","countryIso3":"CAN","countryName":"Canada","source":"Natural Earth 1:10m ports"},"geometry":{"type":"Point","coordinates":[-130.3370436,54.30972222]}},{"type":"Feature","id":"port-1730089075","properties":{"id":"port-1730089075","name":"Saint-John","scalerank":5,"isMajor":false,"provinceId":"CAN-684","provinceName":"New Brunswick","countryIso3":"CAN","countryName":"Canada","source":"Natural Earth 1:10m ports"},"geometry":{"type":"Point","coordinates":[-66.05989399,45.26777778]}},{"type":"Feature","id":"port-1730089077","properties":{"id":"port-1730089077","name":"Antofagasta","scalerank":5,"isMajor":false,"provinceId":"CHL-2695","provinceName":"Antofagasta","countryIso3":"CHL","countryName":"Chile","source":"Natural Earth 1:10m ports"},"geometry":{"type":"Point","coordinates":[-70.40371025,-23.65027778]}},{"type":"Feature","id":"port-1730089079","properties":{"id":"port-1730089079","name":"Iquique","scalerank":5,"isMajor":false,"provinceId":"CHL-2693","provinceName":"Tarapacá","countryIso3":"CHL","countryName":"Chile","source":"Natural Earth 1:10m ports"},"geometry":{"type":"Point","coordinates":[-70.15176678,-20.20277778]}},{"type":"Feature","id":"port-1730089081","properties":{"id":"port-1730089081","name":"Puerto Montt","scalerank":5,"isMajor":false,"provinceId":"CHL-2704","provinceName":"Los Lagos","countryIso3":"CHL","countryName":"Chile","source":"Natural Earth 1:10m ports"},"geometry":{"type":"Point","coordinates":[-72.95441696,-41.48361111]}},{"type":"Feature","id":"port-1730089083","properties":{"id":"port-1730089083","name":"Haikou","scalerank":5,"isMajor":false,"provinceId":"CHN-1775","provinceName":"Hainan","countryIso3":"CHN","countryName":"China","source":"Natural Earth 1:10m ports"},"geometry":{"type":"Point","coordinates":[110.2749706,20.02777778]}},{"type":"Feature","id":"port-1730089085","properties":{"id":"port-1730089085","name":"Ningbo","scalerank":5,"isMajor":false,"provinceId":"CHN-1820","provinceName":"Zhejiang","countryIso3":"CHN","countryName":"China","source":"Natural Earth 1:10m ports"},"geometry":{"type":"Point","coordinates":[121.5533569,29.86666667]}},{"type":"Feature","id":"port-1730089087","properties":{"id":"port-1730089087","name":"Xiamen","scalerank":5,"isMajor":false,"provinceId":"CHN-1178","provinceName":"Fujian","countryIso3":"CHN","countryName":"China","source":"Natural Earth 1:10m ports"},"geometry":{"type":"Point","coordinates":[118.0200236,24.45]}},{"type":"Feature","id":"port-1730089091","properties":{"id":"port-1730089091","name":"Abidjan","scalerank":5,"isMajor":false,"provinceId":"CIV-3458","provinceName":"Lagunes","countryIso3":"CIV","countryName":"Ivory Coast","source":"Natural Earth 1:10m ports"},"geometry":{"type":"Point","coordinates":[-3.966666667,5.233055556]}},{"type":"Feature","id":"port-1730089093","properties":{"id":"port-1730089093","name":"Douala","scalerank":5,"isMajor":false,"provinceId":"CMR-1476","provinceName":"Littoral","countryIso3":"CMR","countryName":"Cameroon","source":"Natural Earth 1:10m ports"},"geometry":{"type":"Point","coordinates":[9.685630153,4.055]}},{"type":"Feature","id":"port-1730089095","properties":{"id":"port-1730089095","name":"Pointe Noire","scalerank":5,"isMajor":false,"provinceId":"COG-5855","provinceName":"Pointe Noire","countryIso3":"COG","countryName":"Republic of the Congo","source":"Natural Earth 1:10m ports"},"geometry":{"type":"Point","coordinates":[11.82691402,-4.784444444]}},{"type":"Feature","id":"port-1730089097","properties":{"id":"port-1730089097","name":"Barranquilla","scalerank":5,"isMajor":false,"provinceId":"COL-1416","provinceName":"Magdalena","countryIso3":"COL","countryName":"Colombia","source":"Natural Earth 1:10m ports"},"geometry":{"type":"Point","coordinates":[-74.75618375,10.96722222]}},{"type":"Feature","id":"port-1730089099","properties":{"id":"port-1730089099","name":"Moroni","scalerank":5,"isMajor":false,"provinceId":"COM-4935","provinceName":"Andjazîdja","countryIso3":"COM","countryName":"Comoros","source":"Natural Earth 1:10m ports"},"geometry":{"type":"Point","coordinates":[43.24322733,-11.70138889]}},{"type":"Feature","id":"port-1730089101","properties":{"id":"port-1730089101","name":"Mariel","scalerank":5,"isMajor":false,"provinceId":"CUB-1429","provinceName":"Artemisa","countryIso3":"CUB","countryName":"Cuba","source":"Natural Earth 1:10m ports"},"geometry":{"type":"Point","coordinates":[-82.75600707,23.00638889]}},{"type":"Feature","id":"port-1730089103","properties":{"id":"port-1730089103","name":"Larnaca","scalerank":5,"isMajor":false,"provinceId":"CYP-3463","provinceName":"Larnaca","countryIso3":"CYP","countryName":"Cyprus","source":"Natural Earth 1:10m ports"},"geometry":{"type":"Point","coordinates":[33.6393404,34.92416667]}},{"type":"Feature","id":"port-1730089105","properties":{"id":"port-1730089105","name":"Limassol","scalerank":5,"isMajor":false,"provinceId":"CYP-3489","provinceName":"Limassol","countryIso3":"CYP","countryName":"Cyprus","source":"Natural Earth 1:10m ports"},"geometry":{"type":"Point","coordinates":[33.01772674,34.65]}},{"type":"Feature","id":"port-1730089109","properties":{"id":"port-1730089109","name":"Bremen","scalerank":5,"isMajor":false,"provinceId":"DEU-1575","provinceName":"Bremen","countryIso3":"DEU","countryName":"Germany","source":"Natural Earth 1:10m ports"},"geometry":{"type":"Point","coordinates":[8.751060071,53.0975]}},{"type":"Feature","id":"port-1730089111","properties":{"id":"port-1730089111","name":"Hamburg","scalerank":5,"isMajor":false,"provinceId":"DEU-1578","provinceName":"Hamburg","countryIso3":"DEU","countryName":"Germany","source":"Natural Earth 1:10m ports"},"geometry":{"type":"Point","coordinates":[9.958480565,53.52472222]}},{"type":"Feature","id":"port-1730089113","properties":{"id":"port-1730089113","name":"Djibouti","scalerank":5,"isMajor":false,"provinceId":"DJI-1567","provinceName":"Djibouti","countryIso3":"DJI","countryName":"Djibouti","source":"Natural Earth 1:10m ports"},"geometry":{"type":"Point","coordinates":[43.13563015,11.60194444]}},{"type":"Feature","id":"port-1730089115","properties":{"id":"port-1730089115","name":"Aalborg","scalerank":5,"isMajor":false,"provinceId":"DNK-3418","provinceName":"Nordjylland","countryIso3":"DNK","countryName":"Denmark","source":"Natural Earth 1:10m ports"},"geometry":{"type":"Point","coordinates":[10.00530035,57.06111111]}},{"type":"Feature","id":"port-1730089117","properties":{"id":"port-1730089117","name":"Fredericia","scalerank":5,"isMajor":false,"provinceId":"DNK-3417","provinceName":"Syddanmark","countryIso3":"DNK","countryName":"Denmark","source":"Natural Earth 1:10m ports"},"geometry":{"type":"Point","coordinates":[9.74057715,55.55805556]}},{"type":"Feature","id":"port-1730089119","properties":{"id":"port-1730089119","name":"Alicante","scalerank":5,"isMajor":false,"provinceId":"ESP-5803","provinceName":"Alicante","countryIso3":"ESP","countryName":"Spain","source":"Natural Earth 1:10m ports"},"geometry":{"type":"Point","coordinates":[-0.48828033,38.33527778]}},{"type":"Feature","id":"port-1730089121","properties":{"id":"port-1730089121","name":"Bilbao","scalerank":5,"isMajor":false,"provinceId":"ESP-5851","provinceName":"Bizkaia","countryIso3":"ESP","countryName":"Spain","source":"Natural Earth 1:10m ports"},"geometry":{"type":"Point","coordinates":[-3.026914016,43.3425]}},{"type":"Feature","id":"port-1730089123","properties":{"id":"port-1730089123","name":"Valencia","scalerank":5,"isMajor":false,"provinceId":"ESP-5849","provinceName":"Valencia","countryIso3":"ESP","countryName":"Spain","source":"Natural Earth 1:10m ports"},"geometry":{"type":"Point","coordinates":[-0.318433451,39.44416667]}},{"type":"Feature","id":"port-1730089127","properties":{"id":"port-1730089127","name":"Fox Bay","scalerank":5,"isMajor":false,"provinceId":"FLK-5152","provinceName":"Falkland Islands","countryIso3":"FLK","countryName":"Falkland Islands","source":"Natural Earth 1:10m ports"},"geometry":{"type":"Point","coordinates":[-60.07073027,-51.95555556]}},{"type":"Feature","id":"port-1730089129","properties":{"id":"port-1730089129","name":"Ajaccio","scalerank":5,"isMajor":false,"provinceId":"FRA-5281","provinceName":"Corse-du-Sud","countryIso3":"FRA","countryName":"France","source":"Natural Earth 1:10m ports"},"geometry":{"type":"Point","coordinates":[8.738810365,41.92]}},{"type":"Feature","id":"port-1730089131","properties":{"id":"port-1730089131","name":"Bastia","scalerank":5,"isMajor":false,"provinceId":"FRA-5297","provinceName":"Haute-Corse","countryIso3":"FRA","countryName":"France","source":"Natural Earth 1:10m ports"},"geometry":{"type":"Point","coordinates":[9.451943463,42.7]}},{"type":"Feature","id":"port-1730089133","properties":{"id":"port-1730089133","name":"Bordeaux","scalerank":5,"isMajor":false,"provinceId":"FRA-5295","provinceName":"Gironde","countryIso3":"FRA","countryName":"France","source":"Natural Earth 1:10m ports"},"geometry":{"type":"Point","coordinates":[-0.553180212,44.86527778]}},{"type":"Feature","id":"port-1730089135","properties":{"id":"port-1730089135","name":"Calais","scalerank":5,"isMajor":false,"provinceId":"FRA-5334","provinceName":"Pas-de-Calais","countryIso3":"FRA","countryName":"France","source":"Natural Earth 1:10m ports"},"geometry":{"type":"Point","coordinates":[1.850176678,50.96583333]}},{"type":"Feature","id":"port-1730089137","properties":{"id":"port-1730089137","name":"Dunkerque","scalerank":5,"isMajor":false,"provinceId":"FRA-5330","provinceName":"Nord","countryIso3":"FRA","countryName":"France","source":"Natural Earth 1:10m ports"},"geometry":{"type":"Point","coordinates":[2.170906949,51.02166667]}},{"type":"Feature","id":"port-1730089139","properties":{"id":"port-1730089139","name":"Honfleur","scalerank":5,"isMajor":false,"provinceId":"FRA-5275","provinceName":"Calvados","countryIso3":"FRA","countryName":"France","source":"Natural Earth 1:10m ports"},"geometry":{"type":"Point","coordinates":[0.235100118,49.42222222]}},{"type":"Feature","id":"port-1730089141","properties":{"id":"port-1730089141","name":"Libreville","scalerank":5,"isMajor":false,"provinceId":"GAB-2168","provinceName":"Estuaire","countryIso3":"GAB","countryName":"Gabon","source":"Natural Earth 1:10m ports"},"geometry":{"type":"Point","coordinates":[9.43368669,0.400833333]}},{"type":"Feature","id":"port-1730089145","properties":{"id":"port-1730089145","name":"Port Gentil","scalerank":5,"isMajor":false,"provinceId":"GAB-2624","provinceName":"Ogooué-Maritime","countryIso3":"GAB","countryName":"Gabon","source":"Natural Earth 1:10m ports"},"geometry":{"type":"Point","coordinates":[8.785276796,-0.711944444]}},{"type":"Feature","id":"port-1730089147","properties":{"id":"port-1730089147","name":"Belfast","scalerank":5,"isMajor":false,"provinceId":"GBR-2082","provinceName":"Belfast","countryIso3":"GBR","countryName":"United Kingdom","source":"Natural Earth 1:10m ports"},"geometry":{"type":"Point","coordinates":[-5.891107185,54.62055556]}},{"type":"Feature","id":"port-1730089149","properties":{"id":"port-1730089149","name":"Dover","scalerank":5,"isMajor":false,"provinceId":"GBR-3409","provinceName":"Kent","countryIso3":"GBR","countryName":"United Kingdom","source":"Natural Earth 1:10m ports"},"geometry":{"type":"Point","coordinates":[1.322143698,51.12083333]}},{"type":"Feature","id":"port-1730089151","properties":{"id":"port-1730089151","name":"Inverness","scalerank":5,"isMajor":false,"provinceId":"GBR-2745","provinceName":"Highland","countryIso3":"GBR","countryName":"United Kingdom","source":"Natural Earth 1:10m ports"},"geometry":{"type":"Point","coordinates":[-4.234746761,57.48666667]}},{"type":"Feature","id":"port-1730089153","properties":{"id":"port-1730089153","name":"Takoradi","scalerank":5,"isMajor":false,"provinceId":"GHA-2162","provinceName":"Western","countryIso3":"GHA","countryName":"Ghana","source":"Natural Earth 1:10m ports"},"geometry":{"type":"Point","coordinates":[-1.738457008,4.884166667]}},{"type":"Feature","id":"port-1730089155","properties":{"id":"port-1730089155","name":"Basse-Terre","scalerank":5,"isMajor":false,"provinceId":"FRA-4603","provinceName":"Guadeloupe","countryIso3":"FRA","countryName":"France","source":"Natural Earth 1:10m ports"},"geometry":{"type":"Point","coordinates":[-61.72709069,15.99638889]}},{"type":"Feature","id":"port-1730089157","properties":{"id":"port-1730089157","name":"Pointe-a-Pitre","scalerank":5,"isMajor":false,"provinceId":"FRA-4603","provinceName":"Guadeloupe","countryIso3":"FRA","countryName":"France","source":"Natural Earth 1:10m ports"},"geometry":{"type":"Point","coordinates":[-61.53845701,16.23388889]}},{"type":"Feature","id":"port-1730089159","properties":{"id":"port-1730089159","name":"Banjul","scalerank":5,"isMajor":false,"provinceId":"GMB-2153","provinceName":"Banjul","countryIso3":"GMB","countryName":"Gambia","source":"Natural Earth 1:10m ports"},"geometry":{"type":"Point","coordinates":[-16.57037691,13.44444444]}},{"type":"Feature","id":"port-1730089163","properties":{"id":"port-1730089163","name":"Bata","scalerank":5,"isMajor":false,"provinceId":"GNQ-1470","provinceName":"Litoral","countryIso3":"GNQ","countryName":"Equatorial Guinea","source":"Natural Earth 1:10m ports"},"geometry":{"type":"Point","coordinates":[9.738103651,1.824166667]}},{"type":"Feature","id":"port-1730089165","properties":{"id":"port-1730089165","name":"Iraklion","scalerank":5,"isMajor":false,"provinceId":"GRC-2990","provinceName":"Kriti","countryIso3":"GRC","countryName":"Greece","source":"Natural Earth 1:10m ports"},"geometry":{"type":"Point","coordinates":[25.14110718,35.34555556]}},{"type":"Feature","id":"port-1730089167","properties":{"id":"port-1730089167","name":"Thessaloniki","scalerank":5,"isMajor":false,"provinceId":"GRC-2991","provinceName":"Kentriki Makedonia","countryIso3":"GRC","countryName":"Greece","source":"Natural Earth 1:10m ports"},"geometry":{"type":"Point","coordinates":[22.91772674,40.635]}},{"type":"Feature","id":"port-1730089169","properties":{"id":"port-1730089169","name":"Cayenne","scalerank":5,"isMajor":false,"provinceId":"FRA-2000","provinceName":"Guyane française","countryIso3":"FRA","countryName":"France","source":"Natural Earth 1:10m ports"},"geometry":{"type":"Point","coordinates":[-52.33616019,4.935277778]}},{"type":"Feature","id":"port-1730089171","properties":{"id":"port-1730089171","name":"Kourou","scalerank":5,"isMajor":false,"provinceId":"FRA-2000","provinceName":"Guyane française","countryIso3":"FRA","countryName":"France","source":"Natural Earth 1:10m ports"},"geometry":{"type":"Point","coordinates":[-52.62426384,5.158888889]}},{"type":"Feature","id":"port-1730089173","properties":{"id":"port-1730089173","name":"Georgetown","scalerank":5,"isMajor":false,"provinceId":"GUY-677","provinceName":"East Berbice-Corentyne","countryIso3":"GUY","countryName":"Guyana","source":"Natural Earth 1:10m ports"},"geometry":{"type":"Point","coordinates":[-58.1671967,6.819444444]}},{"type":"Feature","id":"port-1730089175","properties":{"id":"port-1730089175","name":"Puerto Cortes","scalerank":5,"isMajor":false,"provinceId":"HND-647","provinceName":"Cortés","countryIso3":"HND","countryName":"Honduras","source":"Natural Earth 1:10m ports"},"geometry":{"type":"Point","coordinates":[-87.94022379,15.83333333]}},{"type":"Feature","id":"port-1730089177","properties":{"id":"port-1730089177","name":"Zadar","scalerank":5,"isMajor":false,"provinceId":"HRV-1493","provinceName":"Zadarska","countryIso3":"HRV","countryName":"Croatia","source":"Natural Earth 1:10m ports"},"geometry":{"type":"Point","coordinates":[15.21931684,44.1175]}},{"type":"Feature","id":"port-1730089181","properties":{"id":"port-1730089181","name":"Surabaya","scalerank":5,"isMajor":false,"provinceId":"IDN-1233","provinceName":"Jawa Timur","countryIso3":"IDN","countryName":"Indonesia","source":"Natural Earth 1:10m ports"},"geometry":{"type":"Point","coordinates":[113.9166667,-7.616666667]}},{"type":"Feature","id":"port-1730089183","properties":{"id":"port-1730089183","name":"Manado","scalerank":5,"isMajor":false,"provinceId":"IDN-513","provinceName":"Sulawesi Utara","countryIso3":"IDN","countryName":"Indonesia","source":"Natural Earth 1:10m ports"},"geometry":{"type":"Point","coordinates":[124.8258539,1.481944444]}},{"type":"Feature","id":"port-1730089185","properties":{"id":"port-1730089185","name":"Senipah","scalerank":5,"isMajor":false,"provinceId":"IDN-1185","provinceName":"Kalimantan Timur","countryIso3":"IDN","countryName":"Indonesia","source":"Natural Earth 1:10m ports"},"geometry":{"type":"Point","coordinates":[117.2166667,-1.05]}},{"type":"Feature","id":"port-1730089187","properties":{"id":"port-1730089187","name":"Bhavnagar","scalerank":5,"isMajor":false,"provinceId":"IND-3264","provinceName":"Gujarat","countryIso3":"IND","countryName":"India","source":"Natural Earth 1:10m ports"},"geometry":{"type":"Point","coordinates":[72.20600707,21.77]}},{"type":"Feature","id":"port-1730089189","properties":{"id":"port-1730089189","name":"Visakhapatnam","scalerank":5,"isMajor":false,"provinceId":"IND-2441","provinceName":"Andhra Pradesh","countryIso3":"IND","countryName":"India","source":"Natural Earth 1:10m ports"},"geometry":{"type":"Point","coordinates":[83.28722026,17.69333333]}},{"type":"Feature","id":"port-1730089191","properties":{"id":"port-1730089191","name":"Limerick","scalerank":5,"isMajor":false,"provinceId":"IRL-5570","provinceName":"Limerick","countryIso3":"IRL","countryName":"Ireland","source":"Natural Earth 1:10m ports"},"geometry":{"type":"Point","coordinates":[-8.633333333,52.66277778]}},{"type":"Feature","id":"port-1730089193","properties":{"id":"port-1730089193","name":"Bandar Abbas","scalerank":5,"isMajor":false,"provinceId":"IRN-3228","provinceName":"Hormozgan","countryIso3":"IRN","countryName":"Iran","source":"Natural Earth 1:10m ports"},"geometry":{"type":"Point","coordinates":[56.20424028,27.14083333]}},{"type":"Feature","id":"port-1730089195","properties":{"id":"port-1730089195","name":"Reykjavik","scalerank":5,"isMajor":false,"provinceId":"ISL-5131","provinceName":"Reykjavík","countryIso3":"ISL","countryName":"Iceland","source":"Natural Earth 1:10m ports"},"geometry":{"type":"Point","coordinates":[-21.83792697,64.14833333]}},{"type":"Feature","id":"port-1730089199","properties":{"id":"port-1730089199","name":"Seydisfjordur","scalerank":5,"isMajor":false,"provinceId":"ISL-695","provinceName":"Austurland","countryIso3":"ISL","countryName":"Iceland","source":"Natural Earth 1:10m ports"},"geometry":{"type":"Point","coordinates":[-14.00424028,65.26277778]}},{"type":"Feature","id":"port-1730089201","properties":{"id":"port-1730089201","name":"Trieste","scalerank":5,"isMajor":false,"provinceId":"ITA-5458","provinceName":"Trieste","countryIso3":"ITA","countryName":"Italy","source":"Natural Earth 1:10m ports"},"geometry":{"type":"Point","coordinates":[13.75424028,45.645]}},{"type":"Feature","id":"port-1730089203","properties":{"id":"port-1730089203","name":"Hiroshima","scalerank":5,"isMajor":false,"provinceId":"JPN-1821","provinceName":"Hiroshima","countryIso3":"JPN","countryName":"Japan","source":"Natural Earth 1:10m ports"},"geometry":{"type":"Point","coordinates":[132.421437,34.36527778]}},{"type":"Feature","id":"port-1730089205","properties":{"id":"port-1730089205","name":"Kobe","scalerank":5,"isMajor":false,"provinceId":"JPN-1849","provinceName":"Hyōgo","countryIso3":"JPN","countryName":"Japan","source":"Natural Earth 1:10m ports"},"geometry":{"type":"Point","coordinates":[135.2381037,34.68416667]}},{"type":"Feature","id":"port-1730089207","properties":{"id":"port-1730089207","name":"Nagasaki","scalerank":5,"isMajor":false,"provinceId":"JPN-3500","provinceName":"Nagasaki","countryIso3":"JPN","countryName":"Japan","source":"Natural Earth 1:10m ports"},"geometry":{"type":"Point","coordinates":[129.8595406,32.74027778]}},{"type":"Feature","id":"port-1730089209","properties":{"id":"port-1730089209","name":"Otaru","scalerank":5,"isMajor":false,"provinceId":"JPN-1847","provinceName":"Hokkaidō","countryIso3":"JPN","countryName":"Japan","source":"Natural Earth 1:10m ports"},"geometry":{"type":"Point","coordinates":[141.0166667,43.19694444]}},{"type":"Feature","id":"port-1730089211","properties":{"id":"port-1730089211","name":"Tokyo","scalerank":5,"isMajor":false,"provinceId":"JPN-1860","provinceName":"Tokyo","countryIso3":"JPN","countryName":"Japan","source":"Natural Earth 1:10m ports"},"geometry":{"type":"Point","coordinates":[139.788457,35.62472222]}},{"type":"Feature","id":"port-1730089213","properties":{"id":"port-1730089213","name":"Monrovia","scalerank":5,"isMajor":false,"provinceId":"LBR-788","provinceName":"Montserrado","countryIso3":"LBR","countryName":"Liberia","source":"Natural Earth 1:10m ports"},"geometry":{"type":"Point","coordinates":[-10.79375736,6.345555556]}},{"type":"Feature","id":"port-1730089217","properties":{"id":"port-1730089217","name":"Colombo","scalerank":5,"isMajor":false,"provinceId":"LKA-2470","provinceName":"Kŏḷamba","countryIso3":"LKA","countryName":"Sri Lanka","source":"Natural Earth 1:10m ports"},"geometry":{"type":"Point","coordinates":[79.85017668,6.951388889]}},{"type":"Feature","id":"port-1730089219","properties":{"id":"port-1730089219","name":"Casablanca","scalerank":5,"isMajor":false,"provinceId":"MAR-1450","provinceName":"Grand Casablanca","countryIso3":"MAR","countryName":"Morocco","source":"Natural Earth 1:10m ports"},"geometry":{"type":"Point","coordinates":[-7.600176678,33.60888889]}},{"type":"Feature","id":"port-1730089221","properties":{"id":"port-1730089221","name":"Monaco","scalerank":5,"isMajor":false,"provinceId":"MCO+00?","provinceName":"Monaco","countryIso3":"MCO","countryName":"Monaco","source":"Natural Earth 1:10m ports"},"geometry":{"type":"Point","coordinates":[7.420906949,43.73194444]}},{"type":"Feature","id":"port-1730089223","properties":{"id":"port-1730089223","name":"Acapulco","scalerank":5,"isMajor":false,"provinceId":"MEX-2729","provinceName":"Guerrero","countryIso3":"MEX","countryName":"Mexico","source":"Natural Earth 1:10m ports"},"geometry":{"type":"Point","coordinates":[-99.9024735,16.84444444]}},{"type":"Feature","id":"port-1730089225","properties":{"id":"port-1730089225","name":"Mazatlan","scalerank":5,"isMajor":false,"provinceId":"MEX-2711","provinceName":"Sinaloa","countryIso3":"MEX","countryName":"Mexico","source":"Natural Earth 1:10m ports"},"geometry":{"type":"Point","coordinates":[-106.393404,23.19222222]}},{"type":"Feature","id":"port-1730089227","properties":{"id":"port-1730089227","name":"Tampico","scalerank":5,"isMajor":false,"provinceId":"MEX-2734","provinceName":"Veracruz","countryIso3":"MEX","countryName":"Mexico","source":"Natural Earth 1:10m ports"},"geometry":{"type":"Point","coordinates":[-97.83368669,22.23694444]}},{"type":"Feature","id":"port-1730089229","properties":{"id":"port-1730089229","name":"Beira","scalerank":5,"isMajor":false,"provinceId":"MOZ-1905","provinceName":"Sofala","countryIso3":"MOZ","countryName":"Mozambique","source":"Natural Earth 1:10m ports"},"geometry":{"type":"Point","coordinates":[34.83351001,-19.81916667]}},{"type":"Feature","id":"port-1730089231","properties":{"id":"port-1730089231","name":"Maputo","scalerank":5,"isMajor":false,"provinceId":"MOZ-1927","provinceName":"Maputo","countryIso3":"MOZ","countryName":"Mozambique","source":"Natural Earth 1:10m ports"},"geometry":{"type":"Point","coordinates":[32.55706714,-25.97277778]}},{"type":"Feature","id":"port-1730089235","properties":{"id":"port-1730089235","name":"Nouakchott","scalerank":5,"isMajor":false,"provinceId":"MRT-2787","provinceName":"Nouakchott","countryIso3":"MRT","countryName":"Mauritania","source":"Natural Earth 1:10m ports"},"geometry":{"type":"Point","coordinates":[-16.02143698,18.03527778]}},{"type":"Feature","id":"port-1730089237","properties":{"id":"port-1730089237","name":"Plymouth","scalerank":5,"isMajor":false,"provinceId":"MSR-5087","provinceName":"Saint Anthony","countryIso3":"MSR","countryName":"Montserrat","source":"Natural Earth 1:10m ports"},"geometry":{"type":"Point","coordinates":[-62.21984688,16.70333333]}},{"type":"Feature","id":"port-1730089239","properties":{"id":"port-1730089239","name":"Fort-de-France","scalerank":5,"isMajor":false,"provinceId":"FRA-1442","provinceName":"Martinique","countryIso3":"FRA","countryName":"France","source":"Natural Earth 1:10m ports"},"geometry":{"type":"Point","coordinates":[-61.05689046,14.59916667]}},{"type":"Feature","id":"port-1730089241","properties":{"id":"port-1730089241","name":"Noumea","scalerank":5,"isMajor":false,"provinceId":"NCL-1259","provinceName":"Sud","countryIso3":"NCL","countryName":"New Caledonia","source":"Natural Earth 1:10m ports"},"geometry":{"type":"Point","coordinates":[166.4258539,-22.25972222]}},{"type":"Feature","id":"port-1730089243","properties":{"id":"port-1730089243","name":"Port Harcourt","scalerank":5,"isMajor":false,"provinceId":"NGA-2844","provinceName":"Rivers","countryIso3":"NGA","countryName":"Nigeria","source":"Natural Earth 1:10m ports"},"geometry":{"type":"Point","coordinates":[7.003180212,4.769166667]}},{"type":"Feature","id":"port-1730089245","properties":{"id":"port-1730089245","name":"Corinto","scalerank":5,"isMajor":false,"provinceId":"NIC-663","provinceName":"Chinandega","countryIso3":"NIC","countryName":"Nicaragua","source":"Natural Earth 1:10m ports"},"geometry":{"type":"Point","coordinates":[-87.16914016,12.48194444]}},{"type":"Feature","id":"port-1730089247","properties":{"id":"port-1730089247","name":"Rotterdam","scalerank":5,"isMajor":false,"provinceId":"NLD-3485","provinceName":"Zuid-Holland","countryIso3":"NLD","countryName":"Netherlands","source":"Natural Earth 1:10m ports"},"geometry":{"type":"Point","coordinates":[4.292873969,51.92722222]}},{"type":"Feature","id":"port-1730089249","properties":{"id":"port-1730089249","name":"Bergen","scalerank":5,"isMajor":false,"provinceId":"NOR-913","provinceName":"Hordaland","countryIso3":"NOR","countryName":"Norway","source":"Natural Earth 1:10m ports"},"geometry":{"type":"Point","coordinates":[5.3196702,60.39694444]}},{"type":"Feature","id":"port-1730089253","properties":{"id":"port-1730089253","name":"Tromso","scalerank":5,"isMajor":false,"provinceId":"NOR-900","provinceName":"Troms","countryIso3":"NOR","countryName":"Norway","source":"Natural Earth 1:10m ports"},"geometry":{"type":"Point","coordinates":[18.96878681,69.65583333]}},{"type":"Feature","id":"port-1730089255","properties":{"id":"port-1730089255","name":"Trondheim","scalerank":5,"isMajor":false,"provinceId":"NOR-911","provinceName":"Sør-Trøndelag","countryIso3":"NOR","countryName":"Norway","source":"Natural Earth 1:10m ports"},"geometry":{"type":"Point","coordinates":[10.38898704,63.43777778]}},{"type":"Feature","id":"port-1730089257","properties":{"id":"port-1730089257","name":"Nelson","scalerank":5,"isMajor":false,"provinceId":"NZL-3402","provinceName":"Nelson City","countryIso3":"NZL","countryName":"New Zealand","source":"Natural Earth 1:10m ports"},"geometry":{"type":"Point","coordinates":[173.271967,-41.25972222]}},{"type":"Feature","id":"port-1730089259","properties":{"id":"port-1730089259","name":"Muscat","scalerank":5,"isMajor":false,"provinceId":"OMN-2426","provinceName":"Muscat","countryIso3":"OMN","countryName":"Oman","source":"Natural Earth 1:10m ports"},"geometry":{"type":"Point","coordinates":[58.4090106,23.60666667]}},{"type":"Feature","id":"port-1730089261","properties":{"id":"port-1730089261","name":"Cebu","scalerank":5,"isMajor":false,"provinceId":"PHL-5522","provinceName":"Cebu","countryIso3":"PHL","countryName":"Philippines","source":"Natural Earth 1:10m ports"},"geometry":{"type":"Point","coordinates":[123.9226737,10.30638889]}},{"type":"Feature","id":"port-1730089263","properties":{"id":"port-1730089263","name":"Zamboanga","scalerank":5,"isMajor":false,"provinceId":"PHL-4932","provinceName":"Zamboanga","countryIso3":"PHL","countryName":"Philippines","source":"Natural Earth 1:10m ports"},"geometry":{"type":"Point","coordinates":[122.071437,6.902777778]}},{"type":"Feature","id":"port-1730089265","properties":{"id":"port-1730089265","name":"Port Moresby","scalerank":5,"isMajor":false,"provinceId":"PNG-1254","provinceName":"National Capital District","countryIso3":"PNG","countryName":"Papua New Guinea","source":"Natural Earth 1:10m ports"},"geometry":{"type":"Point","coordinates":[147.1510601,-9.467222222]}},{"type":"Feature","id":"port-1730089267","properties":{"id":"port-1730089267","name":"Wewak","scalerank":5,"isMajor":false,"provinceId":"PNG-1239","provinceName":"East Sepik","countryIso3":"PNG","countryName":"Papua New Guinea","source":"Natural Earth 1:10m ports"},"geometry":{"type":"Point","coordinates":[143.65053,-3.57]}},{"type":"Feature","id":"port-1730089271","properties":{"id":"port-1730089271","name":"Porto","scalerank":5,"isMajor":false,"provinceId":"PRT-754","provinceName":"Porto","countryIso3":"PRT","countryName":"Portugal","source":"Natural Earth 1:10m ports"},"geometry":{"type":"Point","coordinates":[-8.61861013,41.14111111]}},{"type":"Feature","id":"port-1730089273","properties":{"id":"port-1730089273","name":"Ponta Delgada","scalerank":5,"isMajor":false,"provinceId":"PRT-735","provinceName":"Azores","countryIso3":"PRT","countryName":"Portugal","source":"Natural Earth 1:10m ports"},"geometry":{"type":"Point","coordinates":[-25.65883392,37.73694444]}},{"type":"Feature","id":"port-1730089275","properties":{"id":"port-1730089275","name":"Papeete","scalerank":5,"isMajor":false,"provinceId":"PYF-4963","provinceName":"Windward Islands","countryIso3":"PYF","countryName":"French Polynesia","source":"Natural Earth 1:10m ports"},"geometry":{"type":"Point","coordinates":[-149.5696702,-17.53111111]}},{"type":"Feature","id":"port-1730089277","properties":{"id":"port-1730089277","name":"Doha","scalerank":5,"isMajor":false,"provinceId":"QAT-1099","provinceName":"Ad Dawhah","countryIso3":"QAT","countryName":"Qatar","source":"Natural Earth 1:10m ports"},"geometry":{"type":"Point","coordinates":[51.55565371,25.29805556]}},{"type":"Feature","id":"port-1730089279","properties":{"id":"port-1730089279","name":"Kaliningrad","scalerank":5,"isMajor":false,"provinceId":"RUS-2324","provinceName":"Kaliningrad","countryIso3":"RUS","countryName":"Russia","source":"Natural Earth 1:10m ports"},"geometry":{"type":"Point","coordinates":[20.45547703,54.7]}},{"type":"Feature","id":"port-1730089281","properties":{"id":"port-1730089281","name":"Vladivostok","scalerank":5,"isMajor":false,"provinceId":"RUS-2611","provinceName":"Primor'ye","countryIso3":"RUS","countryName":"Russia","source":"Natural Earth 1:10m ports"},"geometry":{"type":"Point","coordinates":[131.8877503,43.09444444]}},{"type":"Feature","id":"port-1730089283","properties":{"id":"port-1730089283","name":"Vyborg","scalerank":5,"isMajor":false,"provinceId":"RUS-2336","provinceName":"Leningrad","countryIso3":"RUS","countryName":"Russia","source":"Natural Earth 1:10m ports"},"geometry":{"type":"Point","coordinates":[28.72638398,60.705]}},{"type":"Feature","id":"port-1730089285","properties":{"id":"port-1730089285","name":"Port Sudan","scalerank":5,"isMajor":false,"provinceId":"SDN-149","provinceName":"Red Sea","countryIso3":"SDN","countryName":"Sudan","source":"Natural Earth 1:10m ports"},"geometry":{"type":"Point","coordinates":[37.22161366,19.61583333]}},{"type":"Feature","id":"port-1730089289","properties":{"id":"port-1730089289","name":"Mogadishu","scalerank":5,"isMajor":false,"provinceId":"SOM-2407","provinceName":"Banaadir","countryIso3":"SOM","countryName":"Somalia","source":"Natural Earth 1:10m ports"},"geometry":{"type":"Point","coordinates":[45.34093051,2.028888889]}},{"type":"Feature","id":"port-1730089291","properties":{"id":"port-1730089291","name":"Paramaribo","scalerank":5,"isMajor":false,"provinceId":"SUR-72","provinceName":"Paramaribo","countryIso3":"SUR","countryName":"Suriname","source":"Natural Earth 1:10m ports"},"geometry":{"type":"Point","coordinates":[-55.13898704,5.82]}},{"type":"Feature","id":"port-1730089293","properties":{"id":"port-1730089293","name":"Goteborg","scalerank":5,"isMajor":false,"provinceId":"SWE-3428","provinceName":"Västra Götaland","countryIso3":"SWE","countryName":"Sweden","source":"Natural Earth 1:10m ports"},"geometry":{"type":"Point","coordinates":[11.87002356,57.68916667]}},{"type":"Feature","id":"port-1730089295","properties":{"id":"port-1730089295","name":"Lulea","scalerank":5,"isMajor":false,"provinceId":"SWE-190","provinceName":"Norrbotten","countryIso3":"SWE","countryName":"Sweden","source":"Natural Earth 1:10m ports"},"geometry":{"type":"Point","coordinates":[22.15830389,65.57888889]}},{"type":"Feature","id":"port-1730089297","properties":{"id":"port-1730089297","name":"Norrkoping","scalerank":5,"isMajor":false,"provinceId":"SWE-184","provinceName":"Östergötland","countryIso3":"SWE","countryName":"Sweden","source":"Natural Earth 1:10m ports"},"geometry":{"type":"Point","coordinates":[16.22567727,58.61027778]}},{"type":"Feature","id":"port-1730089299","properties":{"id":"port-1730089299","name":"Lome","scalerank":5,"isMajor":false,"provinceId":"TGO-87","provinceName":"Maritime","countryIso3":"TGO","countryName":"Togo","source":"Natural Earth 1:10m ports"},"geometry":{"type":"Point","coordinates":[1.284923439,6.139166667]}},{"type":"Feature","id":"port-1730089301","properties":{"id":"port-1730089301","name":"Izmir","scalerank":5,"isMajor":false,"provinceId":"TUR-2230","provinceName":"Izmir","countryIso3":"TUR","countryName":"Turkey","source":"Natural Earth 1:10m ports"},"geometry":{"type":"Point","coordinates":[27.15388693,38.44388889]}},{"type":"Feature","id":"port-1730089303","properties":{"id":"port-1730089303","name":"Kaohsiung","scalerank":5,"isMajor":false,"provinceId":"TWN-1156","provinceName":"Kaohsiung City","countryIso3":"TWN","countryName":"Taiwan","source":"Natural Earth 1:10m ports"},"geometry":{"type":"Point","coordinates":[120.3070671,22.56527778]}},{"type":"Feature","id":"port-1730089307","properties":{"id":"port-1730089307","name":"Taichung","scalerank":5,"isMajor":false,"provinceId":"TWN-1174","provinceName":"Taichung City","countryIso3":"TWN","countryName":"Taiwan","source":"Natural Earth 1:10m ports"},"geometry":{"type":"Point","coordinates":[120.5038869,24.25833333]}},{"type":"Feature","id":"port-1730089309","properties":{"id":"port-1730089309","name":"Odessa","scalerank":5,"isMajor":false,"provinceId":"UKR-322","provinceName":"Odessa","countryIso3":"UKR","countryName":"Ukraine","source":"Natural Earth 1:10m ports"},"geometry":{"type":"Point","coordinates":[30.73704358,46.50111111]}},{"type":"Feature","id":"port-1730089311","properties":{"id":"port-1730089311","name":"Montevideo","scalerank":5,"isMajor":false,"provinceId":"URY-21","provinceName":"Montevideo","countryIso3":"URY","countryName":"Uruguay","source":"Natural Earth 1:10m ports"},"geometry":{"type":"Point","coordinates":[-56.20424028,-34.90055556]}},{"type":"Feature","id":"port-1730089313","properties":{"id":"port-1730089313","name":"Juneau","scalerank":5,"isMajor":false,"provinceId":"USA-3563","provinceName":"Alaska","countryIso3":"USA","countryName":"United States of America","source":"Natural Earth 1:10m ports"},"geometry":{"type":"Point","coordinates":[-134.6700236,58.37916667]}},{"type":"Feature","id":"port-1730089315","properties":{"id":"port-1730089315","name":"Nome","scalerank":5,"isMajor":false,"provinceId":"USA-3563","provinceName":"Alaska","countryIso3":"USA","countryName":"United States of America","source":"Natural Earth 1:10m ports"},"geometry":{"type":"Point","coordinates":[-165.4251472,64.49833333]}},{"type":"Feature","id":"port-1730089317","properties":{"id":"port-1730089317","name":"Hilo","scalerank":5,"isMajor":false,"provinceId":"USA-3517","provinceName":"Hawaii","countryIso3":"USA","countryName":"United States of America","source":"Natural Earth 1:10m ports"},"geometry":{"type":"Point","coordinates":[-155.0686101,19.73333333]}},{"type":"Feature","id":"port-1730089319","properties":{"id":"port-1730089319","name":"Bellingham","scalerank":5,"isMajor":false,"provinceId":"USA-3519","provinceName":"Washington","countryIso3":"USA","countryName":"United States of America","source":"Natural Earth 1:10m ports"},"geometry":{"type":"Point","coordinates":[-122.5003534,48.74055556]}},{"type":"Feature","id":"port-1730089321","properties":{"id":"port-1730089321","name":"Houston","scalerank":5,"isMajor":false,"provinceId":"USA-3536","provinceName":"Texas","countryIso3":"USA","countryName":"United States of America","source":"Natural Earth 1:10m ports"},"geometry":{"type":"Point","coordinates":[-95.20212014,29.73916667]}},{"type":"Feature","id":"port-1730089325","properties":{"id":"port-1730089325","name":"Brownsville","scalerank":5,"isMajor":false,"provinceId":"USA-3536","provinceName":"Texas","countryIso3":"USA","countryName":"United States of America","source":"Natural Earth 1:10m ports"},"geometry":{"type":"Point","coordinates":[-97.38457008,25.95722222]}},{"type":"Feature","id":"port-1730089327","properties":{"id":"port-1730089327","name":"Longview","scalerank":5,"isMajor":false,"provinceId":"USA-3525","provinceName":"Oregon","countryIso3":"USA","countryName":"United States of America","source":"Natural Earth 1:10m ports"},"geometry":{"type":"Point","coordinates":[-122.96702,46.11277778]}},{"type":"Feature","id":"port-1730089329","properties":{"id":"port-1730089329","name":"Kingstown","scalerank":5,"isMajor":false,"provinceId":"VCT-5065","provinceName":"Saint Andrew","countryIso3":"VCT","countryName":"Saint Vincent and the Grenadines","source":"Natural Earth 1:10m ports"},"geometry":{"type":"Point","coordinates":[-61.24287397,13.16916667]}},{"type":"Feature","id":"port-1730089331","properties":{"id":"port-1730089331","name":"La Guaira","scalerank":5,"isMajor":false,"provinceId":"VEN-42","provinceName":"Vargas","countryIso3":"VEN","countryName":"Venezuela","source":"Natural Earth 1:10m ports"},"geometry":{"type":"Point","coordinates":[-66.94022379,10.60277778]}},{"type":"Feature","id":"port-1730089333","properties":{"id":"port-1730089333","name":"Maracaibo","scalerank":5,"isMajor":false,"provinceId":"VEN-31","provinceName":"Zulia","countryIso3":"VEN","countryName":"Venezuela","source":"Natural Earth 1:10m ports"},"geometry":{"type":"Point","coordinates":[-71.58828033,10.68361111]}},{"type":"Feature","id":"port-1730089335","properties":{"id":"port-1730089335","name":"Da Nang","scalerank":5,"isMajor":false,"provinceId":"VNM-491","provinceName":"Đà Nẵng","countryIso3":"VNM","countryName":"Vietnam","source":"Natural Earth 1:10m ports"},"geometry":{"type":"Point","coordinates":[108.2232038,16.08222222]}},{"type":"Feature","id":"port-1730089337","properties":{"id":"port-1730089337","name":"Port Vila","scalerank":5,"isMajor":false,"provinceId":"VUT-565","provinceName":"Shefa","countryIso3":"VUT","countryName":"Vanuatu","source":"Natural Earth 1:10m ports"},"geometry":{"type":"Point","coordinates":[168.3058304,-17.74722222]}},{"type":"Feature","id":"port-1730089339","properties":{"id":"port-1730089339","name":"Apia","scalerank":5,"isMajor":false,"provinceId":"WSM-4984","provinceName":"Tuamasaga","countryIso3":"WSM","countryName":"Samoa","source":"Natural Earth 1:10m ports"},"geometry":{"type":"Point","coordinates":[-171.7579505,-13.82833333]}},{"type":"Feature","id":"port-1730089343","properties":{"id":"port-1730089343","name":"Hodeidah","scalerank":5,"isMajor":false,"provinceId":"YEM-151","provinceName":"Al Hudaydah","countryIso3":"YEM","countryName":"Yemen","source":"Natural Earth 1:10m ports"},"geometry":{"type":"Point","coordinates":[42.9352768,14.83361111]}},{"type":"Feature","id":"port-1730089345","properties":{"id":"port-1730089345","name":"Ottawa","scalerank":5,"isMajor":false,"provinceId":"CAN-682","provinceName":"Ontario","countryIso3":"CAN","countryName":"Canada","source":"Natural Earth 1:10m ports"},"geometry":{"type":"Point","coordinates":[-75.7,45.43]}},{"type":"Feature","id":"port-1730089347","properties":{"id":"port-1730089347","name":"Buffalo","scalerank":5,"isMajor":false,"provinceId":"USA-3559","provinceName":"New York","countryIso3":"USA","countryName":"United States of America","source":"Natural Earth 1:10m ports"},"geometry":{"type":"Point","coordinates":[-78.88,42.88]}},{"type":"Feature","id":"port-1730089349","properties":{"id":"port-1730089349","name":"Cleveland","scalerank":5,"isMajor":false,"provinceId":"USA-3550","provinceName":"Ohio","countryIso3":"USA","countryName":"United States of America","source":"Natural Earth 1:10m ports"},"geometry":{"type":"Point","coordinates":[-81.71,41.5]}},{"type":"Feature","id":"port-1730089351","properties":{"id":"port-1730089351","name":"Green Bay","scalerank":5,"isMajor":false,"provinceId":"USA-3553","provinceName":"Wisconsin","countryIso3":"USA","countryName":"United States of America","source":"Natural Earth 1:10m ports"},"geometry":{"type":"Point","coordinates":[-88.01,44.51]}},{"type":"Feature","id":"port-1730089353","properties":{"id":"port-1730089353","name":"Duluth","scalerank":5,"isMajor":false,"provinceId":"USA-3553","provinceName":"Wisconsin","countryIso3":"USA","countryName":"United States of America","source":"Natural Earth 1:10m ports"},"geometry":{"type":"Point","coordinates":[-92.1,46.76]}},{"type":"Feature","id":"port-1730089355","properties":{"id":"port-1730089355","name":"Eureka","scalerank":5,"isMajor":false,"provinceId":"USA-3521","provinceName":"California","countryIso3":"USA","countryName":"United States of America","source":"Natural Earth 1:10m ports"},"geometry":{"type":"Point","coordinates":[-124.18,40.8]}},{"type":"Feature","id":"port-1730089357","properties":{"id":"port-1730089357","name":"Luanda","scalerank":4,"isMajor":false,"provinceId":"AGO-1880","provinceName":"Luanda","countryIso3":"AGO","countryName":"Angola","source":"Natural Earth 1:10m ports"},"geometry":{"type":"Point","coordinates":[13.25088339,-8.783888889]}},{"type":"Feature","id":"port-1730089361","properties":{"id":"port-1730089361","name":"Kralendijk, Bonaire","scalerank":4,"isMajor":false,"provinceId":"NLD-5149","provinceName":"Bonaire","countryIso3":"NLD","countryName":"Caribbean Netherlands","source":"Natural Earth 1:10m ports"},"geometry":{"type":"Point","coordinates":[-68.27355713,12.14833333]}},{"type":"Feature","id":"port-1730089363","properties":{"id":"port-1730089363","name":"Philipsburg","scalerank":4,"isMajor":false,"provinceId":"SXM-5146","provinceName":"Sint Maarten","countryIso3":"SXM","countryName":"Sint Maarten","source":"Natural Earth 1:10m ports"},"geometry":{"type":"Point","coordinates":[-63.04375736,18.01444444]}},{"type":"Feature","id":"port-1730089365","properties":{"id":"port-1730089365","name":"Adelaide","scalerank":4,"isMajor":false,"provinceId":"AUS-2655","provinceName":"South Australia","countryIso3":"AUS","countryName":"Australia","source":"Natural Earth 1:10m ports"},"geometry":{"type":"Point","coordinates":[138.5079505,-34.79916667]}},{"type":"Feature","id":"port-1730089367","properties":{"id":"port-1730089367","name":"Brisbane","scalerank":4,"isMajor":false,"provinceId":"AUS-2657","provinceName":"Queensland","countryIso3":"AUS","countryName":"Australia","source":"Natural Earth 1:10m ports"},"geometry":{"type":"Point","coordinates":[153.1684335,-27.3825]}},{"type":"Feature","id":"port-1730089369","properties":{"id":"port-1730089369","name":"Port Hedland","scalerank":4,"isMajor":false,"provinceId":"AUS-2651","provinceName":"Western Australia","countryIso3":"AUS","countryName":"Australia","source":"Natural Earth 1:10m ports"},"geometry":{"type":"Point","coordinates":[118.5732038,-20.3175]}},{"type":"Feature","id":"port-1730089371","properties":{"id":"port-1730089371","name":"Chittagong","scalerank":4,"isMajor":false,"provinceId":"BGD-2476","provinceName":"Chittagong","countryIso3":"BGD","countryName":"Bangladesh","source":"Natural Earth 1:10m ports"},"geometry":{"type":"Point","coordinates":[91.82585395,22.26888889]}},{"type":"Feature","id":"port-1730089373","properties":{"id":"port-1730089373","name":"Bridgetown","scalerank":4,"isMajor":false,"provinceId":"BRB-1996","provinceName":"Saint Michael","countryIso3":"BRB","countryName":"Barbados","source":"Natural Earth 1:10m ports"},"geometry":{"type":"Point","coordinates":[-59.62408716,13.10694444]}},{"type":"Feature","id":"port-1730089375","properties":{"id":"port-1730089375","name":"Montreal","scalerank":4,"isMajor":false,"provinceId":"CAN-683","provinceName":"Québec","countryIso3":"CAN","countryName":"Canada","source":"Natural Earth 1:10m ports"},"geometry":{"type":"Point","coordinates":[-73.5246172,45.54361111]}},{"type":"Feature","id":"port-1730089379","properties":{"id":"port-1730089379","name":"Punta Arenas","scalerank":4,"isMajor":false,"provinceId":"CHL-2692","provinceName":"Magallanes y Antártica Chilena","countryIso3":"CHL","countryName":"Chile","source":"Natural Earth 1:10m ports"},"geometry":{"type":"Point","coordinates":[-70.90477032,-53.16833333]}},{"type":"Feature","id":"port-1730089381","properties":{"id":"port-1730089381","name":"Valdivia","scalerank":4,"isMajor":false,"provinceId":"CHL-2701","provinceName":"Los Ríos","countryIso3":"CHL","countryName":"Chile","source":"Natural Earth 1:10m ports"},"geometry":{"type":"Point","coordinates":[-73.22656066,-39.81666667]}},{"type":"Feature","id":"port-1730089383","properties":{"id":"port-1730089383","name":"Dalian","scalerank":4,"isMajor":false,"provinceId":"CHN-1813","provinceName":"Liaoning","countryIso3":"CHN","countryName":"China","source":"Natural Earth 1:10m ports"},"geometry":{"type":"Point","coordinates":[121.6503534,38.93361111]}},{"type":"Feature","id":"port-1730089385","properties":{"id":"port-1730089385","name":"Fuzhou","scalerank":4,"isMajor":false,"provinceId":"CHN-1178","provinceName":"Fujian","countryIso3":"CHN","countryName":"China","source":"Natural Earth 1:10m ports"},"geometry":{"type":"Point","coordinates":[119.30053,26.0475]}},{"type":"Feature","id":"port-1730089387","properties":{"id":"port-1730089387","name":"Qingdao","scalerank":4,"isMajor":false,"provinceId":"CHN-1814","provinceName":"Shandong","countryIso3":"CHN","countryName":"China","source":"Natural Earth 1:10m ports"},"geometry":{"type":"Point","coordinates":[120.31702,36.09583333]}},{"type":"Feature","id":"port-1730089389","properties":{"id":"port-1730089389","name":"Shanghai","scalerank":4,"isMajor":false,"provinceId":"CHN-1819","provinceName":"Shanghai","countryIso3":"CHN","countryName":"China","source":"Natural Earth 1:10m ports"},"geometry":{"type":"Point","coordinates":[121.4872203,31.22194444]}},{"type":"Feature","id":"port-1730089391","properties":{"id":"port-1730089391","name":"Shantou","scalerank":4,"isMajor":false,"provinceId":"CHN-1180","provinceName":"Guangdong","countryIso3":"CHN","countryName":"China","source":"Natural Earth 1:10m ports"},"geometry":{"type":"Point","coordinates":[116.7040636,23.35472222]}},{"type":"Feature","id":"port-1730089393","properties":{"id":"port-1730089393","name":"Puntarenas","scalerank":4,"isMajor":false,"provinceId":"CRI-1330","provinceName":"Puntarenas","countryIso3":"CRI","countryName":"Costa Rica","source":"Natural Earth 1:10m ports"},"geometry":{"type":"Point","coordinates":[-84.80424028,9.981666667]}},{"type":"Feature","id":"port-1730089397","properties":{"id":"port-1730089397","name":"Kiel","scalerank":4,"isMajor":false,"provinceId":"DEU-1579","provinceName":"Schleswig-Holstein","countryIso3":"DEU","countryName":"Germany","source":"Natural Earth 1:10m ports"},"geometry":{"type":"Point","coordinates":[10.15689046,54.33083333]}},{"type":"Feature","id":"port-1730089399","properties":{"id":"port-1730089399","name":"Roseau","scalerank":4,"isMajor":false,"provinceId":"DMA-1434","provinceName":"Saint George","countryIso3":"DMA","countryName":"Dominica","source":"Natural Earth 1:10m ports"},"geometry":{"type":"Point","coordinates":[-61.38598351,15.29638889]}},{"type":"Feature","id":"port-1730089401","properties":{"id":"port-1730089401","name":"Santo Domingo","scalerank":4,"isMajor":false,"provinceId":"DOM-1394","provinceName":"Santo Domingo","countryIso3":"DOM","countryName":"Dominican Republic","source":"Natural Earth 1:10m ports"},"geometry":{"type":"Point","coordinates":[-69.87585395,18.47527778]}},{"type":"Feature","id":"port-1730089403","properties":{"id":"port-1730089403","name":"Cartagena","scalerank":4,"isMajor":false,"provinceId":"ESP-5836","provinceName":"Murcia","countryIso3":"ESP","countryName":"Spain","source":"Natural Earth 1:10m ports"},"geometry":{"type":"Point","coordinates":[-0.98598351,37.58944444]}},{"type":"Feature","id":"port-1730089405","properties":{"id":"port-1730089405","name":"Vigo","scalerank":4,"isMajor":false,"provinceId":"ESP-5840","provinceName":"Pontevedra","countryIso3":"ESP","countryName":"Spain","source":"Natural Earth 1:10m ports"},"geometry":{"type":"Point","coordinates":[-8.726207303,42.2425]}},{"type":"Feature","id":"port-1730089407","properties":{"id":"port-1730089407","name":"Santa Cruz de Tenerife","scalerank":4,"isMajor":false,"provinceId":"ESP-5842","provinceName":"Santa Cruz de Tenerife","countryIso3":"ESP","countryName":"Spain","source":"Natural Earth 1:10m ports"},"geometry":{"type":"Point","coordinates":[-16.22656066,28.47472222]}},{"type":"Feature","id":"port-1730089409","properties":{"id":"port-1730089409","name":"Tallinn","scalerank":4,"isMajor":false,"provinceId":"EST-1654","provinceName":"Harju","countryIso3":"EST","countryName":"Estonia","source":"Natural Earth 1:10m ports"},"geometry":{"type":"Point","coordinates":[24.69075383,59.46]}},{"type":"Feature","id":"port-1730089411","properties":{"id":"port-1730089411","name":"Suva","scalerank":4,"isMajor":false,"provinceId":"FJI-2617","provinceName":"Central","countryIso3":"FJI","countryName":"Fiji","source":"Natural Earth 1:10m ports"},"geometry":{"type":"Point","coordinates":[178.4210836,-18.1325]}},{"type":"Feature","id":"port-1730089415","properties":{"id":"port-1730089415","name":"Saint-Tropez","scalerank":4,"isMajor":false,"provinceId":"FRA-5351","provinceName":"Var","countryIso3":"FRA","countryName":"France","source":"Natural Earth 1:10m ports"},"geometry":{"type":"Point","coordinates":[6.633333333,43.27055556]}},{"type":"Feature","id":"port-1730089417","properties":{"id":"port-1730089417","name":"Glasgow","scalerank":4,"isMajor":false,"provinceId":"GBR-2004","provinceName":"Glasgow","countryIso3":"GBR","countryName":"United Kingdom","source":"Natural Earth 1:10m ports"},"geometry":{"type":"Point","coordinates":[-4.303180212,55.86305556]}},{"type":"Feature","id":"port-1730089419","properties":{"id":"port-1730089419","name":"Southampton","scalerank":4,"isMajor":false,"provinceId":"GBR-2036","provinceName":"Southampton","countryIso3":"GBR","countryName":"United Kingdom","source":"Natural Earth 1:10m ports"},"geometry":{"type":"Point","coordinates":[-1.424440518,50.9025]}},{"type":"Feature","id":"port-1730089421","properties":{"id":"port-1730089421","name":"Gibraltar","scalerank":4,"isMajor":false,"provinceId":"GIB+00?","provinceName":"Gibraltar","countryIso3":"GIB","countryName":"Gibraltar","source":"Natural Earth 1:10m ports"},"geometry":{"type":"Point","coordinates":[-5.357243816,36.13694444]}},{"type":"Feature","id":"port-1730089423","properties":{"id":"port-1730089423","name":"Conakry","scalerank":4,"isMajor":false,"provinceId":"GIN-5630","provinceName":"Conakry","countryIso3":"GIN","countryName":"Guinea","source":"Natural Earth 1:10m ports"},"geometry":{"type":"Point","coordinates":[-13.70989399,9.516388889]}},{"type":"Feature","id":"port-1730089425","properties":{"id":"port-1730089425","name":"Bissau","scalerank":4,"isMajor":false,"provinceId":"GNB-769","provinceName":"Bissau","countryIso3":"GNB","countryName":"Guinea Bissau","source":"Natural Earth 1:10m ports"},"geometry":{"type":"Point","coordinates":[-15.57267373,11.85833333]}},{"type":"Feature","id":"port-1730089427","properties":{"id":"port-1730089427","name":"Canea","scalerank":4,"isMajor":false,"provinceId":"GRC-2990","provinceName":"Kriti","countryIso3":"GRC","countryName":"Greece","source":"Natural Earth 1:10m ports"},"geometry":{"type":"Point","coordinates":[24.00971731,35.51805556]}},{"type":"Feature","id":"port-1730089429","properties":{"id":"port-1730089429","name":"Katakolon","scalerank":4,"isMajor":false,"provinceId":"GRC-2886","provinceName":"Dytiki Ellada","countryIso3":"GRC","countryName":"Greece","source":"Natural Earth 1:10m ports"},"geometry":{"type":"Point","coordinates":[21.31861013,37.64638889]}},{"type":"Feature","id":"port-1730089433","properties":{"id":"port-1730089433","name":"San Jose","scalerank":4,"isMajor":false,"provinceId":"GTM-1950","provinceName":"Escuintla","countryIso3":"GTM","countryName":"Guatemala","source":"Natural Earth 1:10m ports"},"geometry":{"type":"Point","coordinates":[-90.84128386,13.91555556]}},{"type":"Feature","id":"port-1730089435","properties":{"id":"port-1730089435","name":"Hong Kong","scalerank":4,"isMajor":false,"provinceId":"HKG-5159","provinceName":"Sham Shui Po","countryIso3":"HKG","countryName":"Hong Kong S.A.R.","source":"Natural Earth 1:10m ports"},"geometry":{"type":"Point","coordinates":[114.1561837,22.32111111]}},{"type":"Feature","id":"port-1730089437","properties":{"id":"port-1730089437","name":"Port-au-Prince","scalerank":4,"isMajor":false,"provinceId":"HTI-1388","provinceName":"Ouest","countryIso3":"HTI","countryName":"Haiti","source":"Natural Earth 1:10m ports"},"geometry":{"type":"Point","coordinates":[-72.33969376,18.56583333]}},{"type":"Feature","id":"port-1730089439","properties":{"id":"port-1730089439","name":"Surabaya","scalerank":4,"isMajor":false,"provinceId":"IDN-1233","provinceName":"Jawa Timur","countryIso3":"IDN","countryName":"Indonesia","source":"Natural Earth 1:10m ports"},"geometry":{"type":"Point","coordinates":[112.7239105,-7.206388889]}},{"type":"Feature","id":"port-1730089441","properties":{"id":"port-1730089441","name":"Dublin","scalerank":4,"isMajor":false,"provinceId":"IRL-5575","provinceName":"Dublin","countryIso3":"IRL","countryName":"Ireland","source":"Natural Earth 1:10m ports"},"geometry":{"type":"Point","coordinates":[-6.206007067,53.34444444]}},{"type":"Feature","id":"port-1730089443","properties":{"id":"port-1730089443","name":"Waterford","scalerank":4,"isMajor":false,"provinceId":"IRL-722","provinceName":"Kilkenny","countryIso3":"IRL","countryName":"Ireland","source":"Natural Earth 1:10m ports"},"geometry":{"type":"Point","coordinates":[-7.118786808,52.26638889]}},{"type":"Feature","id":"port-1730089445","properties":{"id":"port-1730089445","name":"Haifa","scalerank":4,"isMajor":false,"provinceId":"ISR-3054","provinceName":"Haifa","countryIso3":"ISR","countryName":"Israel","source":"Natural Earth 1:10m ports"},"geometry":{"type":"Point","coordinates":[35.01825677,32.8225]}},{"type":"Feature","id":"port-1730089447","properties":{"id":"port-1730089447","name":"Livorno","scalerank":4,"isMajor":false,"provinceId":"ITA-5380","provinceName":"Livorno","countryIso3":"ITA","countryName":"Italy","source":"Natural Earth 1:10m ports"},"geometry":{"type":"Point","coordinates":[10.30194346,43.55583333]}},{"type":"Feature","id":"port-1730089451","properties":{"id":"port-1730089451","name":"Ischia","scalerank":4,"isMajor":false,"provinceId":"ITA-5397","provinceName":"Napoli","countryIso3":"ITA","countryName":"Italy","source":"Natural Earth 1:10m ports"},"geometry":{"type":"Point","coordinates":[13.93810365,40.74527778]}},{"type":"Feature","id":"port-1730089453","properties":{"id":"port-1730089453","name":"Kingston","scalerank":4,"isMajor":false,"provinceId":"JAM-1382","provinceName":"Saint Andrew","countryIso3":"JAM","countryName":"Jamaica","source":"Natural Earth 1:10m ports"},"geometry":{"type":"Point","coordinates":[-76.82479388,17.98166667]}},{"type":"Feature","id":"port-1730089455","properties":{"id":"port-1730089455","name":"Kitakyushu","scalerank":4,"isMajor":false,"provinceId":"JPN-1829","provinceName":"Fukuoka","countryIso3":"JPN","countryName":"Japan","source":"Natural Earth 1:10m ports"},"geometry":{"type":"Point","coordinates":[130.8542403,33.9225]}},{"type":"Feature","id":"port-1730089457","properties":{"id":"port-1730089457","name":"Mombasa","scalerank":4,"isMajor":false,"provinceId":"KEN-1193","provinceName":"Coast","countryIso3":"KEN","countryName":"Kenya","source":"Natural Earth 1:10m ports"},"geometry":{"type":"Point","coordinates":[39.6221437,-4.053055556]}},{"type":"Feature","id":"port-1730089459","properties":{"id":"port-1730089459","name":"Phnom Penh","scalerank":4,"isMajor":false,"provinceId":"KHM-1789","provinceName":"Phnom Penh","countryIso3":"KHM","countryName":"Cambodia","source":"Natural Earth 1:10m ports"},"geometry":{"type":"Point","coordinates":[104.9209069,11.58305556]}},{"type":"Feature","id":"port-1730089461","properties":{"id":"port-1730089461","name":"Beirut","scalerank":4,"isMajor":false,"provinceId":"LBN-3024","provinceName":"Beirut","countryIso3":"LBN","countryName":"Lebanon","source":"Natural Earth 1:10m ports"},"geometry":{"type":"Point","coordinates":[35.51949352,33.905]}},{"type":"Feature","id":"port-1730089463","properties":{"id":"port-1730089463","name":"Male","scalerank":4,"isMajor":false,"provinceId":"MDV-5234","provinceName":"Malé","countryIso3":"MDV","countryName":"Maldives","source":"Natural Earth 1:10m ports"},"geometry":{"type":"Point","coordinates":[73.50706714,4.175]}},{"type":"Feature","id":"port-1730089465","properties":{"id":"port-1730089465","name":"Veracruz","scalerank":4,"isMajor":false,"provinceId":"MEX-2734","provinceName":"Veracruz","countryIso3":"MEX","countryName":"Mexico","source":"Natural Earth 1:10m ports"},"geometry":{"type":"Point","coordinates":[-96.13368669,19.20833333]}},{"type":"Feature","id":"port-1730089469","properties":{"id":"port-1730089469","name":"Yangon","scalerank":4,"isMajor":false,"provinceId":"MMR-3269","provinceName":"Yangon","countryIso3":"MMR","countryName":"Myanmar","source":"Natural Earth 1:10m ports"},"geometry":{"type":"Point","coordinates":[96.16878681,16.76583333]}},{"type":"Feature","id":"port-1730089471","properties":{"id":"port-1730089471","name":"Wellington","scalerank":4,"isMajor":false,"provinceId":"NZL-5469","provinceName":"Wellington","countryIso3":"NZL","countryName":"New Zealand","source":"Natural Earth 1:10m ports"},"geometry":{"type":"Point","coordinates":[174.7898704,-41.2775]}},{"type":"Feature","id":"port-1730089473","properties":{"id":"port-1730089473","name":"Szczecin","scalerank":4,"isMajor":false,"provinceId":"POL-3142","provinceName":"West Pomeranian","countryIso3":"POL","countryName":"Poland","source":"Natural Earth 1:10m ports"},"geometry":{"type":"Point","coordinates":[14.58580683,53.43055556]}},{"type":"Feature","id":"port-1730089475","properties":{"id":"port-1730089475","name":"Jeddah","scalerank":4,"isMajor":false,"provinceId":"SAU-888","provinceName":"Makkah","countryIso3":"SAU","countryName":"Saudi Arabia","source":"Natural Earth 1:10m ports"},"geometry":{"type":"Point","coordinates":[39.1590106,21.45861111]}},{"type":"Feature","id":"port-1730089477","properties":{"id":"port-1730089477","name":"Dakar","scalerank":4,"isMajor":false,"provinceId":"SEN-759","provinceName":"Dakar","countryIso3":"SEN","countryName":"Senegal","source":"Natural Earth 1:10m ports"},"geometry":{"type":"Point","coordinates":[-17.42514723,14.68222222]}},{"type":"Feature","id":"port-1730089479","properties":{"id":"port-1730089479","name":"Singapore","scalerank":4,"isMajor":false,"provinceId":"SGP-4872","provinceName":"South West","countryIso3":"SGP","countryName":"Singapore","source":"Natural Earth 1:10m ports"},"geometry":{"type":"Point","coordinates":[103.7221437,1.292777778]}},{"type":"Feature","id":"port-1730089481","properties":{"id":"port-1730089481","name":"Freetown","scalerank":4,"isMajor":false,"provinceId":"SLE-761","provinceName":"Western","countryIso3":"SLE","countryName":"Sierra Leone","source":"Natural Earth 1:10m ports"},"geometry":{"type":"Point","coordinates":[-13.20795053,8.494166667]}},{"type":"Feature","id":"port-1730089483","properties":{"id":"port-1730089483","name":"Stockholm","scalerank":4,"isMajor":false,"provinceId":"SWE-194","provinceName":"Stockholm","countryIso3":"SWE","countryName":"Sweden","source":"Natural Earth 1:10m ports"},"geometry":{"type":"Point","coordinates":[18.10936396,59.335]}},{"type":"Feature","id":"port-1730089487","properties":{"id":"port-1730089487","name":"Bangkok","scalerank":4,"isMajor":false,"provinceId":"THA-422","provinceName":"Samut Prakan","countryIso3":"THA","countryName":"Thailand","source":"Natural Earth 1:10m ports"},"geometry":{"type":"Point","coordinates":[100.5691402,13.60694444]}},{"type":"Feature","id":"port-1730089489","properties":{"id":"port-1730089489","name":"Canakkale","scalerank":4,"isMajor":false,"provinceId":"TUR-2239","provinceName":"Çanakkale","countryIso3":"TUR","countryName":"Turkey","source":"Natural Earth 1:10m ports"},"geometry":{"type":"Point","coordinates":[26.52196702,40.26472222]}},{"type":"Feature","id":"port-1730089491","properties":{"id":"port-1730089491","name":"Anchorage","scalerank":4,"isMajor":false,"provinceId":"USA-3563","provinceName":"Alaska","countryIso3":"USA","countryName":"United States of America","source":"Natural Earth 1:10m ports"},"geometry":{"type":"Point","coordinates":[-149.8877503,61.23555556]}},{"type":"Feature","id":"port-1730089493","properties":{"id":"port-1730089493","name":"Long Beach","scalerank":4,"isMajor":false,"provinceId":"USA-3521","provinceName":"California","countryIso3":"USA","countryName":"United States of America","source":"Natural Earth 1:10m ports"},"geometry":{"type":"Point","coordinates":[-118.2007067,33.74888889]}},{"type":"Feature","id":"port-1730089495","properties":{"id":"port-1730089495","name":"Oakland","scalerank":4,"isMajor":false,"provinceId":"USA-3521","provinceName":"California","countryIso3":"USA","countryName":"United States of America","source":"Natural Earth 1:10m ports"},"geometry":{"type":"Point","coordinates":[-122.3012367,37.79944444]}},{"type":"Feature","id":"port-1730089497","properties":{"id":"port-1730089497","name":"Jacksonville","scalerank":4,"isMajor":false,"provinceId":"USA-3542","provinceName":"Florida","countryIso3":"USA","countryName":"United States of America","source":"Natural Earth 1:10m ports"},"geometry":{"type":"Point","coordinates":[-81.55918728,30.38083333]}},{"type":"Feature","id":"port-1730089499","properties":{"id":"port-1730089499","name":"Philadelphia","scalerank":4,"isMajor":false,"provinceId":"USA-3558","provinceName":"New Jersey","countryIso3":"USA","countryName":"United States of America","source":"Natural Earth 1:10m ports"},"geometry":{"type":"Point","coordinates":[-75.13457008,39.89527778]}},{"type":"Feature","id":"port-1730089501","properties":{"id":"port-1730089501","name":"Charleston","scalerank":4,"isMajor":false,"provinceId":"USA-3545","provinceName":"South Carolina","countryIso3":"USA","countryName":"United States of America","source":"Natural Earth 1:10m ports"},"geometry":{"type":"Point","coordinates":[-79.92355713,32.82222222]}},{"type":"Feature","id":"port-1730089505","properties":{"id":"port-1730089505","name":"Newport","scalerank":4,"isMajor":false,"provinceId":"USA-3539","provinceName":"Rhode Island","countryIso3":"USA","countryName":"United States of America","source":"Natural Earth 1:10m ports"},"geometry":{"type":"Point","coordinates":[-71.32444052,41.4825]}},{"type":"Feature","id":"port-1730089507","properties":{"id":"port-1730089507","name":"Ho Chi Minh City","scalerank":4,"isMajor":false,"provinceId":"VNM-501","provinceName":"Hồ Chí Minh city","countryIso3":"VNM","countryName":"Vietnam","source":"Natural Earth 1:10m ports"},"geometry":{"type":"Point","coordinates":[106.7217903,10.79388889]}},{"type":"Feature","id":"port-1730089509","properties":{"id":"port-1730089509","name":"Aden","scalerank":4,"isMajor":false,"provinceId":"YEM-3510","provinceName":"`Adan","countryIso3":"YEM","countryName":"Yemen","source":"Natural Earth 1:10m ports"},"geometry":{"type":"Point","coordinates":[44.98969376,12.79555556]}},{"type":"Feature","id":"port-1730089511","properties":{"id":"port-1730089511","name":"Durban","scalerank":4,"isMajor":false,"provinceId":"ZAF-1216","provinceName":"KwaZulu-Natal","countryIso3":"ZAF","countryName":"South Africa","source":"Natural Earth 1:10m ports"},"geometry":{"type":"Point","coordinates":[31.02338045,-29.88111111]}},{"type":"Feature","id":"port-1730089513","properties":{"id":"port-1730089513","name":"Port Elizabeth","scalerank":4,"isMajor":false,"provinceId":"ZAF-1926","provinceName":"Eastern Cape","countryIso3":"ZAF","countryName":"South Africa","source":"Natural Earth 1:10m ports"},"geometry":{"type":"Point","coordinates":[25.6352768,-33.96138889]}},{"type":"Feature","id":"port-1730089515","properties":{"id":"port-1730089515","name":"Port Elizabeth","scalerank":4,"isMajor":false,"provinceId":"ZAF-1926","provinceName":"Eastern Cape","countryIso3":"ZAF","countryName":"South Africa","source":"Natural Earth 1:10m ports"},"geometry":{"type":"Point","coordinates":[25.6352768,-33.96138889]}},{"type":"Feature","id":"port-1730089517","properties":{"id":"port-1730089517","name":"Detroit","scalerank":4,"isMajor":false,"provinceId":"CAN-682","provinceName":"Ontario","countryIso3":"CAN","countryName":"Canada","source":"Natural Earth 1:10m ports"},"geometry":{"type":"Point","coordinates":[-83.03,42.33]}},{"type":"Feature","id":"port-1730089519","properties":{"id":"port-1730089519","name":"Port Of Memphis","scalerank":4,"isMajor":false,"provinceId":"USA-3551","provinceName":"Tennessee","countryIso3":"USA","countryName":"United States of America","source":"Natural Earth 1:10m ports"},"geometry":{"type":"Point","coordinates":[-90.16,35.06]}},{"type":"Feature","id":"port-1730089523","properties":{"id":"port-1730089523","name":"Tri-City Port","scalerank":4,"isMajor":false,"provinceId":"USA-3531","provinceName":"Missouri","countryIso3":"USA","countryName":"United States of America","source":"Natural Earth 1:10m ports"},"geometry":{"type":"Point","coordinates":[-90.2,38.71]}},{"type":"Feature","id":"port-1730089525","properties":{"id":"port-1730089525","name":"Helsinki","scalerank":4,"isMajor":false,"provinceId":"FIN-3193","provinceName":"Uusimaa","countryIso3":"FIN","countryName":"Finland","source":"Natural Earth 1:10m ports"},"geometry":{"type":"Point","coordinates":[24.96,60.16]}},{"type":"Feature","id":"port-1730089527","properties":{"id":"port-1730089527","name":"Sankt-Peterburg","scalerank":4,"isMajor":false,"provinceId":"RUS-2337","provinceName":"City of St. Petersburg","countryIso3":"RUS","countryName":"Russia","source":"Natural Earth 1:10m ports"},"geometry":{"type":"Point","coordinates":[30.3,59.93]}},{"type":"Feature","id":"port-1730089529","properties":{"id":"port-1730089529","name":"Oranjestad","scalerank":3,"isMajor":true,"provinceId":"ABW-5150","provinceName":"Aruba","countryIso3":"ABW","countryName":"Aruba","source":"Natural Earth 1:10m ports"},"geometry":{"type":"Point","coordinates":[-70.03881037,12.52]}},{"type":"Feature","id":"port-1730089531","properties":{"id":"port-1730089531","name":"Dubai","scalerank":3,"isMajor":true,"provinceId":"ARE-350","provinceName":"Dubay","countryIso3":"ARE","countryName":"United Arab Emirates","source":"Natural Earth 1:10m ports"},"geometry":{"type":"Point","coordinates":[55.26931684,25.26722222]}},{"type":"Feature","id":"port-1730089533","properties":{"id":"port-1730089533","name":"Buenos Aires","scalerank":3,"isMajor":true,"provinceId":"ARG-5493","provinceName":"Ciudad de Buenos Aires","countryIso3":"ARG","countryName":"Argentina","source":"Natural Earth 1:10m ports"},"geometry":{"type":"Point","coordinates":[-58.3696702,-34.59916667]}},{"type":"Feature","id":"port-1730089535","properties":{"id":"port-1730089535","name":"Darwin","scalerank":3,"isMajor":true,"provinceId":"AUS-2650","provinceName":"Northern Territory","countryIso3":"AUS","countryName":"Australia","source":"Natural Earth 1:10m ports"},"geometry":{"type":"Point","coordinates":[130.854947,-12.47027778]}},{"type":"Feature","id":"port-1730089537","properties":{"id":"port-1730089537","name":"Melbourne","scalerank":3,"isMajor":true,"provinceId":"AUS-2656","provinceName":"Victoria","countryIso3":"AUS","countryName":"Australia","source":"Natural Earth 1:10m ports"},"geometry":{"type":"Point","coordinates":[144.9171967,-37.83277778]}},{"type":"Feature","id":"port-1730089541","properties":{"id":"port-1730089541","name":"Perth","scalerank":3,"isMajor":true,"provinceId":"AUS-2651","provinceName":"Western Australia","countryIso3":"AUS","countryName":"Australia","source":"Natural Earth 1:10m ports"},"geometry":{"type":"Point","coordinates":[115.855477,-31.96527778]}},{"type":"Feature","id":"port-1730089543","properties":{"id":"port-1730089543","name":"Sydney","scalerank":3,"isMajor":true,"provinceId":"AUS-2654","provinceName":"New South Wales","countryIso3":"AUS","countryName":"Australia","source":"Natural Earth 1:10m ports"},"geometry":{"type":"Point","coordinates":[151.1891637,-33.86222222]}},{"type":"Feature","id":"port-1730089545","properties":{"id":"port-1730089545","name":"Cotonou","scalerank":3,"isMajor":true,"provinceId":"BEN-2175","provinceName":"Littoral","countryIso3":"BEN","countryName":"Benin","source":"Natural Earth 1:10m ports"},"geometry":{"type":"Point","coordinates":[2.422320377,6.346666667]}},{"type":"Feature","id":"port-1730089547","properties":{"id":"port-1730089547","name":"Nassau","scalerank":3,"isMajor":true,"provinceId":"BHS-5009","provinceName":"New Providence","countryIso3":"BHS","countryName":"The Bahamas","source":"Natural Earth 1:10m ports"},"geometry":{"type":"Point","coordinates":[-77.32126031,25.07666667]}},{"type":"Feature","id":"port-1730089549","properties":{"id":"port-1730089549","name":"Rio de Janeiro","scalerank":3,"isMajor":true,"provinceId":"BRA-627","provinceName":"Rio de Janeiro","countryIso3":"BRA","countryName":"Brazil","source":"Natural Earth 1:10m ports"},"geometry":{"type":"Point","coordinates":[-43.1918139,-22.88305556]}},{"type":"Feature","id":"port-1730089551","properties":{"id":"port-1730089551","name":"Vancouver","scalerank":3,"isMajor":true,"provinceId":"CAN-633","provinceName":"British Columbia","countryIso3":"CAN","countryName":"Canada","source":"Natural Earth 1:10m ports"},"geometry":{"type":"Point","coordinates":[-123.071437,49.29777778]}},{"type":"Feature","id":"port-1730089553","properties":{"id":"port-1730089553","name":"Liverpool","scalerank":3,"isMajor":true,"provinceId":"CAN-685","provinceName":"Nova Scotia","countryIso3":"CAN","countryName":"Canada","source":"Natural Earth 1:10m ports"},"geometry":{"type":"Point","coordinates":[-64.70371025,44.04333333]}},{"type":"Feature","id":"port-1730089555","properties":{"id":"port-1730089555","name":"Valparaiso","scalerank":3,"isMajor":true,"provinceId":"CHL-2699","provinceName":"Valparaíso","countryIso3":"CHL","countryName":"Chile","source":"Natural Earth 1:10m ports"},"geometry":{"type":"Point","coordinates":[-71.61914016,-33.03527778]}},{"type":"Feature","id":"port-1730089559","properties":{"id":"port-1730089559","name":"Guangzhou","scalerank":3,"isMajor":true,"provinceId":"CHN-1180","provinceName":"Guangdong","countryIso3":"CHN","countryName":"China","source":"Natural Earth 1:10m ports"},"geometry":{"type":"Point","coordinates":[113.409364,23.09416667]}},{"type":"Feature","id":"port-1730089561","properties":{"id":"port-1730089561","name":"Tianjin","scalerank":3,"isMajor":true,"provinceId":"CHN-1816","provinceName":"Tianjin","countryIso3":"CHN","countryName":"China","source":"Natural Earth 1:10m ports"},"geometry":{"type":"Point","coordinates":[117.4565371,39.00944444]}},{"type":"Feature","id":"port-1730089563","properties":{"id":"port-1730089563","name":"Abidjan","scalerank":3,"isMajor":true,"provinceId":"CIV-3458","provinceName":"Lagunes","countryIso3":"CIV","countryName":"Ivory Coast","source":"Natural Earth 1:10m ports"},"geometry":{"type":"Point","coordinates":[-4.021260306,5.283333333]}},{"type":"Feature","id":"port-1730089565","properties":{"id":"port-1730089565","name":"Bremerhaven","scalerank":3,"isMajor":true,"provinceId":"DEU-1575","provinceName":"Bremen","countryIso3":"DEU","countryName":"Germany","source":"Natural Earth 1:10m ports"},"geometry":{"type":"Point","coordinates":[8.553003534,53.56361111]}},{"type":"Feature","id":"port-1730089567","properties":{"id":"port-1730089567","name":"Rostock","scalerank":3,"isMajor":true,"provinceId":"DEU-3488","provinceName":"Mecklenburg-Vorpommern","countryIso3":"DEU","countryName":"Germany","source":"Natural Earth 1:10m ports"},"geometry":{"type":"Point","coordinates":[12.11790342,54.1525]}},{"type":"Feature","id":"port-1730089569","properties":{"id":"port-1730089569","name":"Tuborg","scalerank":3,"isMajor":true,"provinceId":"DNK-3419","provinceName":"Hovedstaden","countryIso3":"DNK","countryName":"Denmark","source":"Natural Earth 1:10m ports"},"geometry":{"type":"Point","coordinates":[12.58404005,55.72611111]}},{"type":"Feature","id":"port-1730089571","properties":{"id":"port-1730089571","name":"Guayaquil","scalerank":3,"isMajor":true,"provinceId":"ECU-1280","provinceName":"Guayas","countryIso3":"ECU","countryName":"Ecuador","source":"Natural Earth 1:10m ports"},"geometry":{"type":"Point","coordinates":[-79.9024735,-2.284166667]}},{"type":"Feature","id":"port-1730089573","properties":{"id":"port-1730089573","name":"Port Said","scalerank":3,"isMajor":true,"provinceId":"EGY-1538","provinceName":"Bur Sa`id","countryIso3":"EGY","countryName":"Egypt","source":"Natural Earth 1:10m ports"},"geometry":{"type":"Point","coordinates":[32.30600707,31.25333333]}},{"type":"Feature","id":"port-1730089577","properties":{"id":"port-1730089577","name":"Barcelona","scalerank":3,"isMajor":true,"provinceId":"ESP-5809","provinceName":"Barcelona","countryIso3":"ESP","countryName":"Spain","source":"Natural Earth 1:10m ports"},"geometry":{"type":"Point","coordinates":[2.168786808,41.35472222]}},{"type":"Feature","id":"port-1730089579","properties":{"id":"port-1730089579","name":"Malaga","scalerank":3,"isMajor":true,"provinceId":"ESP-5834","provinceName":"Málaga","countryIso3":"ESP","countryName":"Spain","source":"Natural Earth 1:10m ports"},"geometry":{"type":"Point","coordinates":[-4.418256773,36.70944444]}},{"type":"Feature","id":"port-1730089581","properties":{"id":"port-1730089581","name":"Palma de Mallorca","scalerank":3,"isMajor":true,"provinceId":"ESP-5808","provinceName":"Baleares","countryIso3":"ESP","countryName":"Spain","source":"Natural Earth 1:10m ports"},"geometry":{"type":"Point","coordinates":[2.62532391,39.55111111]}},{"type":"Feature","id":"port-1730089583","properties":{"id":"port-1730089583","name":"Le Havre","scalerank":3,"isMajor":true,"provinceId":"FRA-5343","provinceName":"Seine-Maritime","countryIso3":"FRA","countryName":"France","source":"Natural Earth 1:10m ports"},"geometry":{"type":"Point","coordinates":[0.173733804,49.46694444]}},{"type":"Feature","id":"port-1730089585","properties":{"id":"port-1730089585","name":"Marseille","scalerank":3,"isMajor":true,"provinceId":"FRA-5274","provinceName":"Bouches-du-Rhône","countryIso3":"FRA","countryName":"France","source":"Natural Earth 1:10m ports"},"geometry":{"type":"Point","coordinates":[5.341283863,43.32944444]}},{"type":"Feature","id":"port-1730089587","properties":{"id":"port-1730089587","name":"Nice","scalerank":3,"isMajor":true,"provinceId":"FRA-5266","provinceName":"Alpes-Maritimes","countryIso3":"FRA","countryName":"France","source":"Natural Earth 1:10m ports"},"geometry":{"type":"Point","coordinates":[7.285630153,43.69388889]}},{"type":"Feature","id":"port-1730089589","properties":{"id":"port-1730089589","name":"London","scalerank":3,"isMajor":true,"provinceId":"GBR-2771","provinceName":"Southwark","countryIso3":"GBR","countryName":"United Kingdom","source":"Natural Earth 1:10m ports"},"geometry":{"type":"Point","coordinates":[-0.067196702,51.50277778]}},{"type":"Feature","id":"port-1730089591","properties":{"id":"port-1730089591","name":"Gythion","scalerank":3,"isMajor":true,"provinceId":"GRC-2885","provinceName":"Peloponnisos","countryIso3":"GRC","countryName":"Greece","source":"Natural Earth 1:10m ports"},"geometry":{"type":"Point","coordinates":[22.56755006,36.76]}},{"type":"Feature","id":"port-1730089595","properties":{"id":"port-1730089595","name":"Rhodes","scalerank":3,"isMajor":true,"provinceId":"GRC-3013","provinceName":"Notio Aigaio","countryIso3":"GRC","countryName":"Greece","source":"Natural Earth 1:10m ports"},"geometry":{"type":"Point","coordinates":[28.23351001,36.44361111]}},{"type":"Feature","id":"port-1730089597","properties":{"id":"port-1730089597","name":"Dubrovnik","scalerank":3,"isMajor":true,"provinceId":"HRV-1490","provinceName":"Dubrovacko-Neretvanska","countryIso3":"HRV","countryName":"Croatia","source":"Natural Earth 1:10m ports"},"geometry":{"type":"Point","coordinates":[18.07638398,42.66]}},{"type":"Feature","id":"port-1730089599","properties":{"id":"port-1730089599","name":"Civitavecchia","scalerank":3,"isMajor":true,"provinceId":"ITA-5422","provinceName":"Roma","countryIso3":"ITA","countryName":"Italy","source":"Natural Earth 1:10m ports"},"geometry":{"type":"Point","coordinates":[11.77567727,42.09888889]}},{"type":"Feature","id":"port-1730089601","properties":{"id":"port-1730089601","name":"Palermo","scalerank":3,"isMajor":true,"provinceId":"ITA-5410","provinceName":"Palermo","countryIso3":"ITA","countryName":"Italy","source":"Natural Earth 1:10m ports"},"geometry":{"type":"Point","coordinates":[13.36984688,38.13083333]}},{"type":"Feature","id":"port-1730089603","properties":{"id":"port-1730089603","name":"Savona","scalerank":3,"isMajor":true,"provinceId":"ITA-5368","provinceName":"Savona","countryIso3":"ITA","countryName":"Italy","source":"Natural Earth 1:10m ports"},"geometry":{"type":"Point","coordinates":[8.489517079,44.31166667]}},{"type":"Feature","id":"port-1730089605","properties":{"id":"port-1730089605","name":"Marghera","scalerank":3,"isMajor":true,"provinceId":"ITA-5461","provinceName":"Venezia","countryIso3":"ITA","countryName":"Italy","source":"Natural Earth 1:10m ports"},"geometry":{"type":"Point","coordinates":[12.24057715,45.45305556]}},{"type":"Feature","id":"port-1730089607","properties":{"id":"port-1730089607","name":"Montego Bay","scalerank":3,"isMajor":true,"provinceId":"JAM-1374","provinceName":"Saint James","countryIso3":"JAM","countryName":"Jamaica","source":"Natural Earth 1:10m ports"},"geometry":{"type":"Point","coordinates":[-77.93545347,18.4675]}},{"type":"Feature","id":"port-1730089609","properties":{"id":"port-1730089609","name":"Osaka","scalerank":3,"isMajor":true,"provinceId":"JPN-1852","provinceName":"Ōsaka","countryIso3":"JPN","countryName":"Japan","source":"Natural Earth 1:10m ports"},"geometry":{"type":"Point","coordinates":[135.4338634,34.63583333]}},{"type":"Feature","id":"port-1730089613","properties":{"id":"port-1730089613","name":"Yokohama","scalerank":3,"isMajor":true,"provinceId":"JPN-1857","provinceName":"Kanagawa","countryIso3":"JPN","countryName":"Japan","source":"Natural Earth 1:10m ports"},"geometry":{"type":"Point","coordinates":[139.6673734,35.43638889]}},{"type":"Feature","id":"port-1730089615","properties":{"id":"port-1730089615","name":"Riga","scalerank":3,"isMajor":true,"provinceId":"LVA-1094","provinceName":"Riga","countryIso3":"LVA","countryName":"Latvia","source":"Natural Earth 1:10m ports"},"geometry":{"type":"Point","coordinates":[24.08810365,57.00777778]}},{"type":"Feature","id":"port-1730089617","properties":{"id":"port-1730089617","name":"Cabo San Lucas","scalerank":3,"isMajor":true,"provinceId":"MEX-2707","provinceName":"Baja California Sur","countryIso3":"MEX","countryName":"Mexico","source":"Natural Earth 1:10m ports"},"geometry":{"type":"Point","coordinates":[-109.9007067,22.88388889]}},{"type":"Feature","id":"port-1730089619","properties":{"id":"port-1730089619","name":"Marsaxlokk","scalerank":3,"isMajor":true,"provinceId":"MLT-5968","provinceName":"Birżebbuġa","countryIso3":"MLT","countryName":"Malta","source":"Natural Earth 1:10m ports"},"geometry":{"type":"Point","coordinates":[14.54128386,35.82611111]}},{"type":"Feature","id":"port-1730089621","properties":{"id":"port-1730089621","name":"Amsterdam","scalerank":3,"isMajor":true,"provinceId":"NLD-3486","provinceName":"Noord-Holland","countryIso3":"NLD","countryName":"Netherlands","source":"Natural Earth 1:10m ports"},"geometry":{"type":"Point","coordinates":[4.824087161,52.41305556]}},{"type":"Feature","id":"port-1730089623","properties":{"id":"port-1730089623","name":"Oslo","scalerank":3,"isMajor":true,"provinceId":"NOR-921","provinceName":"Oslo","countryIso3":"NOR","countryName":"Norway","source":"Natural Earth 1:10m ports"},"geometry":{"type":"Point","coordinates":[10.73457008,59.89722222]}},{"type":"Feature","id":"port-1730089625","properties":{"id":"port-1730089625","name":"Auckland","scalerank":3,"isMajor":true,"provinceId":"NZL-3398","provinceName":"Auckland","countryIso3":"NZL","countryName":"New Zealand","source":"Natural Earth 1:10m ports"},"geometry":{"type":"Point","coordinates":[174.7694935,-36.83638889]}},{"type":"Feature","id":"port-1730089627","properties":{"id":"port-1730089627","name":"Karachi","scalerank":3,"isMajor":true,"provinceId":"PAK-1114","provinceName":"Sind","countryIso3":"PAK","countryName":"Pakistan","source":"Natural Earth 1:10m ports"},"geometry":{"type":"Point","coordinates":[66.9737338,24.835]}},{"type":"Feature","id":"port-1730089631","properties":{"id":"port-1730089631","name":"Colon","scalerank":3,"isMajor":true,"provinceId":"PAN-1337","provinceName":"Colón","countryIso3":"PAN","countryName":"Panama","source":"Natural Earth 1:10m ports"},"geometry":{"type":"Point","coordinates":[-79.88510012,9.373333333]}},{"type":"Feature","id":"port-1730089633","properties":{"id":"port-1730089633","name":"Manila","scalerank":3,"isMajor":true,"provinceId":"PHL-5556","provinceName":"Las Pinas","countryIso3":"PHL","countryName":"Philippines","source":"Natural Earth 1:10m ports"},"geometry":{"type":"Point","coordinates":[120.943404,14.52416667]}},{"type":"Feature","id":"port-1730089635","properties":{"id":"port-1730089635","name":"San Juan","scalerank":3,"isMajor":true,"provinceId":"PRI-5260","provinceName":"Puerto Rico","countryIso3":"PRI","countryName":"Puerto Rico","source":"Natural Earth 1:10m ports"},"geometry":{"type":"Point","coordinates":[-66.09128386,18.43611111]}},{"type":"Feature","id":"port-1730089637","properties":{"id":"port-1730089637","name":"Istanbul","scalerank":3,"isMajor":true,"provinceId":"TUR-2265","provinceName":"Istanbul","countryIso3":"TUR","countryName":"Turkey","source":"Natural Earth 1:10m ports"},"geometry":{"type":"Point","coordinates":[28.993404,41.01277778]}},{"type":"Feature","id":"port-1730089639","properties":{"id":"port-1730089639","name":"Taipei","scalerank":3,"isMajor":true,"provinceId":"TWN-1167","provinceName":"New Taipei City","countryIso3":"TWN","countryName":"Taiwan","source":"Natural Earth 1:10m ports"},"geometry":{"type":"Point","coordinates":[121.3746172,25.15194444]}},{"type":"Feature","id":"port-1730089641","properties":{"id":"port-1730089641","name":"Dar es Salaam","scalerank":3,"isMajor":true,"provinceId":"TZA-3378","provinceName":"Dar-Es-Salaam","countryIso3":"TZA","countryName":"United Republic of Tanzania","source":"Natural Earth 1:10m ports"},"geometry":{"type":"Point","coordinates":[39.293404,-6.834444444]}},{"type":"Feature","id":"port-1730089643","properties":{"id":"port-1730089643","name":"Mobile","scalerank":3,"isMajor":true,"provinceId":"USA-3541","provinceName":"Alabama","countryIso3":"USA","countryName":"United States of America","source":"Natural Earth 1:10m ports"},"geometry":{"type":"Point","coordinates":[-88.03775029,30.71138889]}},{"type":"Feature","id":"port-1730089645","properties":{"id":"port-1730089645","name":"Los Angeles","scalerank":3,"isMajor":true,"provinceId":"USA-3521","provinceName":"California","countryIso3":"USA","countryName":"United States of America","source":"Natural Earth 1:10m ports"},"geometry":{"type":"Point","coordinates":[-118.2597173,33.73194444]}},{"type":"Feature","id":"port-1730089649","properties":{"id":"port-1730089649","name":"San Diego","scalerank":3,"isMajor":true,"provinceId":"USA-3521","provinceName":"California","countryIso3":"USA","countryName":"United States of America","source":"Natural Earth 1:10m ports"},"geometry":{"type":"Point","coordinates":[-117.1572438,32.68444444]}},{"type":"Feature","id":"port-1730089651","properties":{"id":"port-1730089651","name":"San Francisco","scalerank":3,"isMajor":true,"provinceId":"USA-3521","provinceName":"California","countryIso3":"USA","countryName":"United States of America","source":"Natural Earth 1:10m ports"},"geometry":{"type":"Point","coordinates":[-122.4008834,37.78861111]}},{"type":"Feature","id":"port-1730089653","properties":{"id":"port-1730089653","name":"Miami","scalerank":3,"isMajor":true,"provinceId":"USA-3542","provinceName":"Florida","countryIso3":"USA","countryName":"United States of America","source":"Natural Earth 1:10m ports"},"geometry":{"type":"Point","coordinates":[-80.16702002,25.775]}},{"type":"Feature","id":"port-1730089655","properties":{"id":"port-1730089655","name":"Tampa","scalerank":3,"isMajor":true,"provinceId":"USA-3542","provinceName":"Florida","countryIso3":"USA","countryName":"United States of America","source":"Natural Earth 1:10m ports"},"geometry":{"type":"Point","coordinates":[-82.43616019,27.93]}},{"type":"Feature","id":"port-1730089657","properties":{"id":"port-1730089657","name":"Honolulu","scalerank":3,"isMajor":true,"provinceId":"USA-3517","provinceName":"Hawaii","countryIso3":"USA","countryName":"United States of America","source":"Natural Earth 1:10m ports"},"geometry":{"type":"Point","coordinates":[-157.8737338,21.30944444]}},{"type":"Feature","id":"port-1730089659","properties":{"id":"port-1730089659","name":"Boston","scalerank":3,"isMajor":true,"provinceId":"USA-3513","provinceName":"Massachusetts","countryIso3":"USA","countryName":"United States of America","source":"Natural Earth 1:10m ports"},"geometry":{"type":"Point","coordinates":[-71.03545347,42.36361111]}},{"type":"Feature","id":"port-1730089661","properties":{"id":"port-1730089661","name":"Baltimore","scalerank":3,"isMajor":true,"provinceId":"USA-3557","provinceName":"Maryland","countryIso3":"USA","countryName":"United States of America","source":"Natural Earth 1:10m ports"},"geometry":{"type":"Point","coordinates":[-76.55565371,39.2325]}},{"type":"Feature","id":"port-1730089663","properties":{"id":"port-1730089663","name":"New York","scalerank":3,"isMajor":true,"provinceId":"USA-3559","provinceName":"New York","countryIso3":"USA","countryName":"United States of America","source":"Natural Earth 1:10m ports"},"geometry":{"type":"Point","coordinates":[-74.02426384,40.68833333]}},{"type":"Feature","id":"port-1730089667","properties":{"id":"port-1730089667","name":"Galveston","scalerank":3,"isMajor":true,"provinceId":"USA-3536","provinceName":"Texas","countryIso3":"USA","countryName":"United States of America","source":"Natural Earth 1:10m ports"},"geometry":{"type":"Point","coordinates":[-94.81790342,29.30416667]}},{"type":"Feature","id":"port-1730089669","properties":{"id":"port-1730089669","name":"Norfolk","scalerank":3,"isMajor":true,"provinceId":"USA-3552","provinceName":"Virginia","countryIso3":"USA","countryName":"United States of America","source":"Natural Earth 1:10m ports"},"geometry":{"type":"Point","coordinates":[-76.29252061,36.90194444]}},{"type":"Feature","id":"port-1730089671","properties":{"id":"port-1730089671","name":"Seattle","scalerank":3,"isMajor":true,"provinceId":"USA-3519","provinceName":"Washington","countryIso3":"USA","countryName":"United States of America","source":"Natural Earth 1:10m ports"},"geometry":{"type":"Point","coordinates":[-122.3597173,47.60222222]}},{"type":"Feature","id":"port-1730089673","properties":{"id":"port-1730089673","name":"Cape Town","scalerank":3,"isMajor":true,"provinceId":"ZAF-1189","provinceName":"Western Cape","countryIso3":"ZAF","countryName":"South Africa","source":"Natural Earth 1:10m ports"},"geometry":{"type":"Point","coordinates":[18.4352768,-33.90916667]}},{"type":"Feature","id":"port-1730089675","properties":{"id":"port-1730089675","name":"Toronto","scalerank":3,"isMajor":true,"provinceId":"CAN-682","provinceName":"Ontario","countryIso3":"CAN","countryName":"Canada","source":"Natural Earth 1:10m ports"},"geometry":{"type":"Point","coordinates":[-79.38,43.61]}},{"type":"Feature","id":"port-1730089677","properties":{"id":"port-1730089677","name":"Chicago","scalerank":3,"isMajor":true,"provinceId":"USA-3546","provinceName":"Illinois","countryIso3":"USA","countryName":"United States of America","source":"Natural Earth 1:10m ports"},"geometry":{"type":"Point","coordinates":[-87.6,41.88]}}]}
